Timestamp,Emergency City,Source File,Accidents in Region
2016-01-01 7:20:59,Jiye,2016,328
2016-01-01 7:20:59,Jiye,2016,328
2016-01-01 7:31:29,Jiye,2016,328
2016-01-01 7:31:29,Jiye,2016,328
2016-01-02 11:14:21,Naame,2016,182
2016-01-02 11:14:21,Naame,2016,182
2016-01-02 11:14:21,Naame,2016,182
2016-01-02 22:11:47,Jadra,2016,39
2016-01-02 22:11:47,Jadra,2016,39
2016-01-02 22:42:39,Jadra,2016,39
2016-01-02 22:42:39,Jadra,2016,39
2016-01-05 10:14:16,Jiye,2016,328
2016-01-05 10:14:16,Jiye,2016,328
2016-01-06 21:40:42,Jiye,2016,328
2016-01-06 23:48:09,Naame,2016,182
2016-01-06 23:48:09,Naame,2016,182
2016-01-07 18:05:21,Saadiyat,2016,122
2016-01-07 18:59:06,Damour,2016,354
2016-01-09 9:05:00,Damour,2016,354
2016-01-10 19:06:17,Naame,2016,182
2016-01-10 19:16:37,Naame,2016,182
2016-01-10 19:16:37,Naame,2016,182
2016-01-10 19:16:37,Naame,2016,182
2016-01-12 18:55:50,Khalde,2016,650
2016-01-14 12:54:09,Khalde,2016,650
2016-01-15 9:03:19,Rmaileh,2016,118
2016-01-16 22:54:50,Khalde,2016,650
2016-01-16 22:54:50,Khalde,2016,650
2016-01-16 22:54:50,Khalde,2016,650
2016-01-18 0:31:54,Saadiyat,2016,122
2016-01-18 22:39:06,Khalde,2016,650
2016-01-20 9:51:31,Khalde,2016,650
2016-01-21 5:03:33,Khalde,2016,650
2016-01-21 18:03:28,Jiye,2016,328
2016-01-21 18:27:21,Jiye,2016,328
2016-01-21 18:27:21,Jiye,2016,328
2016-01-21 18:28:59,Jiye,2016,328
2016-01-21 19:16:00,Jiye,2016,328
2016-01-21 19:16:00,Jiye,2016,328
2016-01-22 17:26:27,Khalde,2016,650
2016-01-23 0:43:35,Naame,2016,182
2016-01-23 0:43:35,Naame,2016,182
2016-01-23 0:43:35,Naame,2016,182
2016-01-23 0:43:35,Naame,2016,182
2016-01-23 0:43:35,Naame,2016,182
2016-01-24 19:57:34,Khalde,2016,650
2016-01-28 12:22:02,Khalde,2016,650
2016-01-28 15:11:55,Rmaileh,2016,118
2016-01-28 15:11:55,Rmaileh,2016,118
2016-02-01 10:39:14,Jiye,2016,328
2016-02-01 11:09:17,Jiye,2016,328
2016-02-01 13:19:09,Jiye,2016,328
2016-02-01 13:19:09,Jiye,2016,328
2016-02-04 16:04:59,Saadiyat,2016,122
2016-02-04 16:04:59,Saadiyat,2016,122
2016-02-07 19:03:39,Jiye,2016,328
2016-02-07 19:03:39,Jiye,2016,328
2016-02-07 19:03:39,Jiye,2016,328
2016-02-07 19:03:39,Jiye,2016,328
2016-02-07 19:07:43,Jiye,2016,328
2016-02-07 19:07:43,Jiye,2016,328
2016-02-07 19:07:43,Jiye,2016,328
2016-02-07 19:34:10,Jiye,2016,328
2016-02-08 18:01:21,Khalde,2016,650
2016-02-09 15:57:32,Naame,2016,182
2016-02-09 15:57:32,Naame,2016,182
2016-02-10 10:36:52,Damour,2016,354
2016-02-10 10:36:52,Damour,2016,354
2016-02-10 19:21:31,Jiye,2016,328
2016-02-10 21:01:18,Khalde,2016,650
2016-02-11 1:05:16,Khalde,2016,650
2016-02-11 1:05:16,Khalde,2016,650
2016-02-11 1:05:16,Khalde,2016,650
2016-02-11 1:05:16,Khalde,2016,650
2016-02-12 12:38:19,Jiye,2016,328
2016-02-12 15:53:05,Damour,2016,354
2016-02-12 19:19:17,Rmaileh,2016,118
2016-02-12 19:27:00,Rmaileh,2016,118
2016-02-12 19:27:00,Rmaileh,2016,118
2016-02-13 14:22:25,Jiye,2016,328
2016-02-13 14:22:25,Jiye,2016,328
2016-02-16 23:20:54,Damour,2016,354
2016-02-17 15:28:40,Khalde,2016,650
2016-02-19 13:20:56,Khalde,2016,650
2016-02-22 12:42:46,Jiye,2016,328
2016-02-22 12:42:46,Jiye,2016,328
2016-02-25 20:38:58,Rmaileh,2016,118
2016-02-27 18:54:40,Khalde,2016,650
2016-02-27 21:42:50,Jiye,2016,328
2016-02-27 21:54:54,Jiye,2016,328
2016-02-27 21:54:54,Jiye,2016,328
2016-02-27 22:48:49,Jiye,2016,328
2016-02-27 22:48:49,Jiye,2016,328
2016-02-27 22:48:49,Jiye,2016,328
2016-02-27 22:48:49,Jiye,2016,328
2016-02-28 0:22:53,Damour,2016,354
2016-02-28 0:22:53,Damour,2016,354
2016-02-28 0:40:51,Damour,2016,354
2016-02-28 10:23:36,Naame,2016,182
2016-02-28 12:13:23,Naame,2016,182
2016-02-28 12:13:23,Naame,2016,182
2016-02-28 20:14:30,Damour,2016,354
2016-02-29 17:09:06,Naame,2016,182
2016-03-01 9:09:29,Khalde,2016,650
2016-03-02 11:02:19,Khalde,2016,650
2016-03-04 2:08:11,Khalde,2016,650
2016-03-04 23:26:56,Jiye,2016,328
2016-03-04 23:26:56,Jiye,2016,328
2016-03-04 23:26:56,Jiye,2016,328
2016-03-06 15:17:21,Damour,2016,354
2016-03-10 12:50:13,Damour,2016,354
2016-03-11 16:31:51,Saadiyat,2016,122
2016-03-12 19:18:02,Damour,2016,354
2016-03-13 2:27:20,Khalde,2016,650
2016-03-13 19:02:57,Saadiyat,2016,122
2016-03-13 19:02:57,Saadiyat,2016,122
2016-03-15 11:49:10,Khalde,2016,650
2016-03-15 18:59:25,Khalde,2016,650
2016-03-19 7:42:09,Khalde,2016,650
2016-03-21 21:45:51,Haret en Naame,2016,14
2016-03-23 20:05:44,Khalde,2016,650
2016-03-23 23:42:47,Khalde,2016,650
2016-03-23 23:42:47,Khalde,2016,650
2016-03-23 23:42:47,Khalde,2016,650
2016-03-24 21:58:40,Jiye,2016,328
2016-03-25 12:55:20,Damour,2016,354
2016-03-26 13:58:21,Jadra,2016,39
2016-03-26 13:58:21,Jadra,2016,39
2016-03-28 11:20:03,Khalde,2016,650
2016-03-28 11:20:03,Khalde,2016,650
2016-03-28 17:16:18,Khalde,2016,650
2016-04-03 0:21:43,Saadiyat,2016,122
2016-04-03 1:58:12,Naame,2016,182
2016-04-03 10:07:33,Saadiyat,2016,122
2016-04-03 12:01:30,Damour,2016,354
2016-04-03 12:01:30,Damour,2016,354
2016-04-03 12:20:35,Khalde,2016,650
2016-04-03 12:20:35,Khalde,2016,650
2016-04-03 13:35:07,Khalde,2016,650
2016-04-03 13:35:07,Khalde,2016,650
2016-04-03 13:35:07,Khalde,2016,650
2016-04-03 13:35:07,Khalde,2016,650
2016-04-04 16:36:29,Rmaileh,2016,118
2016-04-04 16:36:29,Rmaileh,2016,118
2016-04-04 16:36:29,Rmaileh,2016,118
2016-04-04 16:36:29,Rmaileh,2016,118
2016-04-05 15:04:42,Naame,2016,182
2016-04-07 14:36:39,Khalde,2016,650
2016-04-10 6:54:46,Naame,2016,182
2016-04-10 6:54:46,Naame,2016,182
2016-04-10 6:54:46,Naame,2016,182
2016-04-11 0:12:56,Khalde,2016,650
2016-04-11 2:17:15,Saadiyat,2016,122
2016-04-11 14:56:09,Khalde,2016,650
2016-04-13 8:13:32,Jiye,2016,328
2016-04-13 9:18:11,Saadiyat,2016,122
2016-04-13 9:18:11,Saadiyat,2016,122
2016-04-13 9:18:11,Saadiyat,2016,122
2016-04-14 23:52:25,Naame,2016,182
2016-04-15 1:07:15,Damour,2016,354
2016-04-15 21:46:10,Jiye,2016,328
2016-04-16 9:05:38,Khalde,2016,650
2016-04-17 0:32:56,Khalde,2016,650
2016-04-17 0:32:56,Khalde,2016,650
2016-04-17 0:32:56,Khalde,2016,650
2016-04-17 0:32:56,Khalde,2016,650
2016-04-17 10:09:42,Damour,2016,354
2016-04-18 12:16:17,Khalde,2016,650
2016-04-19 18:17:44,Rmaileh,2016,118
2016-04-20 5:41:15,Damour,2016,354
2016-04-23 10:15:35,Naame,2016,182
2016-04-23 11:35:32,Khalde,2016,650
2016-04-23 13:34:24,Jiye,2016,328
2016-04-24 14:11:12,Damour,2016,354
2016-04-24 14:11:12,Damour,2016,354
2016-04-24 14:18:28,Damour,2016,354
2016-04-25 7:56:23,Khalde,2016,650
2016-04-26 12:45:38,Jiye,2016,328
2016-04-26 12:45:38,Jiye,2016,328
2016-04-26 12:45:38,Jiye,2016,328
2016-04-26 12:45:38,Jiye,2016,328
2016-04-26 12:59:07,Jiye,2016,328
2016-04-26 12:59:07,Jiye,2016,328
2016-04-26 14:21:20,Jiye,2016,328
2016-04-27 21:07:41,Damour,2016,354
2016-04-28 23:39:21,Naame,2016,182
2016-04-29 5:52:23,Damour,2016,354
2016-04-29 21:39:59,Khalde,2016,650
2016-04-30 9:29:44,Khalde,2016,650
2016-04-30 10:22:49,Jiye,2016,328
2016-04-30 17:53:24,Naame,2016,182
2016-04-30 18:02:24,Naame,2016,182
2016-04-30 18:10:23,Naame,2016,182
2016-05-01 5:21:47,Damour,2016,354
2016-05-01 23:52:29,Damour,2016,354
2016-05-04 11:29:36,Damour,2016,354
2016-05-04 11:29:36,Damour,2016,354
2016-05-04 11:33:17,Damour,2016,354
2016-05-07 13:40:13,Khalde,2016,650
2016-05-07 22:39:01,Jiye,2016,328
2016-05-07 22:39:01,Jiye,2016,328
2016-05-09 0:53:24,Khalde,2016,650
2016-05-09 16:28:21,Jiye,2016,328
2016-05-09 16:28:21,Jiye,2016,328
2016-05-11 16:23:07,Khalde,2016,650
2016-05-13 0:35:54,Khalde,2016,650
2016-05-13 2:35:40,Khalde,2016,650
2016-05-13 8:34:38,Khalde,2016,650
2016-05-13 22:56:14,Khalde,2016,650
2016-05-13 22:56:14,Khalde,2016,650
2016-05-15 6:02:37,Khalde,2016,650
2016-05-15 12:34:54,Khalde,2016,650
2016-05-15 21:14:11,Rmaileh,2016,118
2016-05-15 21:14:11,Rmaileh,2016,118
2016-05-15 22:41:25,Rmaileh,2016,118
2016-05-16 0:13:10,Jiye,2016,328
2016-05-16 1:30:41,Jiye,2016,328
2016-05-16 1:30:41,Jiye,2016,328
2016-05-16 1:34:20,Jiye,2016,328
2016-05-16 1:34:20,Jiye,2016,328
2016-05-16 14:11:41,Jiye,2016,328
2016-05-16 22:56:57,Naame,2016,182
2016-05-17 8:34:05,Khalde,2016,650
2016-05-17 22:47:12,Jiye,2016,328
2016-05-18 16:46:54,Naame,2016,182
2016-05-19 0:20:20,Jiye,2016,328
2016-05-19 9:53:55,Khalde,2016,650
2016-05-20 8:14:27,Jiye,2016,328
2016-05-20 20:32:38,Khalde,2016,650
2016-05-20 23:14:34,Naame,2016,182
2016-05-20 23:14:34,Naame,2016,182
2016-05-20 23:14:34,Naame,2016,182
2016-05-21 6:53:45,Khalde,2016,650
2016-05-21 17:34:37,Rmaileh,2016,118
2016-05-21 18:41:13,Khalde,2016,650
2016-05-23 15:34:20,Jiye,2016,328
2016-05-23 15:34:20,Jiye,2016,328
2016-05-23 15:34:20,Jiye,2016,328
2016-05-23 15:34:20,Jiye,2016,328
2016-05-23 16:07:22,Jiye,2016,328
2016-05-24 12:08:21,Naame,2016,182
2016-05-28 17:56:33,Khalde,2016,650
2016-05-30 20:20:32,Saadiyat,2016,122
2016-05-30 23:58:24,Jiye,2016,328
2016-05-30 23:58:24,Jiye,2016,328
2016-05-31 12:20:22,Khalde,2016,650
2016-05-31 13:21:13,Saadiyat,2016,122
2016-06-02 18:11:48,Saadiyat,2016,122
2016-06-02 18:26:55,Saadiyat,2016,122
2016-06-05 12:47:00,Jiye,2016,328
2016-06-05 12:47:00,Jiye,2016,328
2016-06-05 12:47:00,Jiye,2016,328
2016-06-06 17:49:42,Damour,2016,354
2016-06-06 17:49:42,Damour,2016,354
2016-06-07 13:57:47,Jiye,2016,328
2016-06-07 13:57:47,Jiye,2016,328
2016-06-07 18:46:06,Khalde,2016,650
2016-06-08 16:15:25,Khalde,2016,650
2016-06-08 16:15:25,Khalde,2016,650
2016-06-10 20:51:10,Haret en Naame,2016,14
2016-06-11 15:07:43,Saadiyat,2016,122
2016-06-11 18:51:59,Khalde,2016,650
2016-06-12 15:22:32,Damour,2016,354
2016-06-12 15:22:32,Damour,2016,354
2016-06-12 16:53:25,Naame,2016,182
2016-06-13 0:02:57,Rmaileh,2016,118
2016-06-13 0:02:57,Rmaileh,2016,118
2016-06-14 5:00:27,Khalde,2016,650
2016-06-14 9:07:12,Khalde,2016,650
2016-06-15 12:21:12,Khalde,2016,650
2016-06-15 14:04:51,Damour,2016,354
2016-06-17 10:41:24,Saadiyat,2016,122
2016-06-17 15:09:54,Damour,2016,354
2016-06-17 15:09:54,Damour,2016,354
2016-06-17 20:54:24,Khalde,2016,650
2016-06-17 20:54:24,Khalde,2016,650
2016-06-18 7:10:13,Jiye,2016,328
2016-06-18 17:57:00,Jiye,2016,328
2016-06-22 17:22:05,Khalde,2016,650
2016-06-22 17:22:05,Khalde,2016,650
2016-06-22 17:22:05,Khalde,2016,650
2016-06-22 18:16:31,Naame,2016,182
2016-06-23 5:02:57,Khalde,2016,650
2016-06-23 5:02:57,Khalde,2016,650
2016-06-24 23:42:34,Khalde,2016,650
2016-06-25 18:20:37,Khalde,2016,650
2016-06-27 4:08:59,Damour,2016,354
2016-06-27 4:21:32,Damour,2016,354
2016-06-27 4:21:32,Damour,2016,354
2016-06-27 14:21:33,Jiye,2016,328
2016-06-27 14:49:06,Jiye,2016,328
2016-06-29 14:27:11,Khalde,2016,650
2016-06-30 4:06:42,Khalde,2016,650
2016-06-30 4:06:42,Khalde,2016,650
2016-06-30 4:06:42,Khalde,2016,650
2016-06-30 14:30:23,Jiye,2016,328
2016-06-30 14:30:23,Jiye,2016,328
2016-07-02 18:29:43,Damour,2016,354
2016-07-03 1:30:58,Damour,2016,354
2016-07-03 1:30:58,Damour,2016,354
2016-07-03 3:18:01,Saadiyat,2016,122
2016-07-04 9:15:11,Damour,2016,354
2016-07-05 5:13:07,Jiye,2016,328
2016-07-05 6:17:31,Jiye,2016,328
2016-07-07 0:49:11,Jiye,2016,328
2016-07-07 10:33:14,Damour,2016,354
2016-07-07 16:10:26,Damour,2016,354
2016-07-07 16:10:26,Damour,2016,354
2016-07-07 20:44:59,Khalde,2016,650
2016-07-08 7:26:49,Naame,2016,182
2016-07-08 19:11:54,Jiye,2016,328
2016-07-08 22:27:23,Khalde,2016,650
2016-07-08 23:13:34,Khalde,2016,650
2016-07-09 19:15:58,Damour,2016,354
2016-07-11 15:54:29,Damour,2016,354
2016-07-14 12:35:42,Khalde,2016,650
2016-07-14 13:49:03,Damour,2016,354
2016-07-15 19:11:46,Jiye,2016,328
2016-07-16 8:44:22,Khalde,2016,650
2016-07-16 8:44:22,Khalde,2016,650
2016-07-16 16:32:04,Damour,2016,354
2016-07-17 13:42:19,Khalde,2016,650
2016-07-17 20:33:51,Damour,2016,354
2016-07-17 20:33:51,Damour,2016,354
2016-07-17 20:59:54,Damour,2016,354
2016-07-17 21:56:43,Khalde,2016,650
2016-07-19 0:30:45,Khalde,2016,650
2016-07-19 0:30:45,Khalde,2016,650
2016-07-19 12:48:01,Rmaileh,2016,118
2016-07-21 0:23:33,Khalde,2016,650
2016-07-21 6:23:06,Khalde,2016,650
2016-07-21 6:23:06,Khalde,2016,650
2016-07-21 7:29:03,Khalde,2016,650
2016-07-21 7:47:58,Rmaileh,2016,118
2016-07-23 1:06:47,Khalde,2016,650
2016-07-23 1:06:47,Khalde,2016,650
2016-07-23 22:19:31,Damour,2016,354
2016-07-24 1:57:18,Naame,2016,182
2016-07-25 11:45:32,Damour,2016,354
2016-07-25 23:17:28,Khalde,2016,650
2016-07-25 23:17:28,Khalde,2016,650
2016-07-25 23:17:28,Khalde,2016,650
2016-07-26 7:54:01,Saadiyat,2016,122
2016-07-26 7:54:01,Saadiyat,2016,122
2016-07-27 20:00:51,Damour,2016,354
2016-07-27 20:00:51,Damour,2016,354
2016-07-30 8:29:38,Damour,2016,354
2016-07-30 19:54:29,Damour,2016,354
2016-07-30 19:54:29,Damour,2016,354
2016-07-30 20:21:20,Khalde,2016,650
2016-07-31 11:40:06,Khalde,2016,650
2016-07-31 11:40:06,Khalde,2016,650
2016-07-31 11:40:06,Khalde,2016,650
2016-07-31 16:12:05,Damour,2016,354
2016-07-31 16:12:05,Damour,2016,354
2016-08-01 15:54:10,Jiye,2016,328
2016-08-01 15:54:10,Jiye,2016,328
2016-08-01 15:54:10,Jiye,2016,328
2016-08-01 15:54:10,Jiye,2016,328
2016-08-02 1:27:37,Damour,2016,354
2016-08-02 1:27:37,Damour,2016,354
2016-08-02 1:27:37,Damour,2016,354
2016-08-02 1:30:50,Damour,2016,354
2016-08-02 1:30:50,Damour,2016,354
2016-08-02 1:54:43,Damour,2016,354
2016-08-02 12:15:49,Khalde,2016,650
2016-08-02 15:18:41,Jiye,2016,328
2016-08-02 15:18:41,Jiye,2016,328
2016-08-03 4:53:15,Rmaileh,2016,118
2016-08-03 20:02:47,Jiye,2016,328
2016-08-04 20:14:14,Jadra,2016,39
2016-08-04 21:02:58,Jadra,2016,39
2016-08-05 18:17:13,Jiye,2016,328
2016-08-05 18:17:13,Jiye,2016,328
2016-08-06 23:33:35,Damour,2016,354
2016-08-07 5:06:36,Khalde,2016,650
2016-08-07 11:26:39,Jiye,2016,328
2016-08-07 11:26:39,Jiye,2016,328
2016-08-08 20:20:11,Khalde,2016,650
2016-08-09 7:20:57,Jadra,2016,39
2016-08-09 12:31:32,Jiye,2016,328
2016-08-09 12:31:32,Jiye,2016,328
2016-08-09 12:31:32,Jiye,2016,328
2016-08-09 12:50:01,Jiye,2016,328
2016-08-09 15:13:33,Jiye,2016,328
2016-08-09 15:23:12,Naame,2016,182
2016-08-12 19:35:23,Khalde,2016,650
2016-08-12 21:20:11,Khalde,2016,650
2016-08-14 9:51:19,Khalde,2016,650
2016-08-14 18:19:49,Khalde,2016,650
2016-08-14 18:25:40,Khalde,2016,650
2016-08-14 18:25:40,Khalde,2016,650
2016-08-15 23:59:14,Rmaileh,2016,118
2016-08-17 15:44:14,Jiye,2016,328
2016-08-17 15:44:14,Jiye,2016,328
2016-08-17 15:52:11,Jiye,2016,328
2016-08-17 15:52:11,Jiye,2016,328
2016-08-17 15:52:11,Jiye,2016,328
2016-08-17 19:20:26,Khalde,2016,650
2016-08-18 16:54:36,Khalde,2016,650
2016-08-18 16:54:36,Khalde,2016,650
2016-08-19 1:37:12,Khalde,2016,650
2016-08-21 19:23:52,Naame,2016,182
2016-08-21 19:57:27,Naame,2016,182
2016-08-22 13:45:36,Khalde,2016,650
2016-08-23 1:32:34,Damour,2016,354
2016-08-23 1:32:34,Damour,2016,354
2016-08-24 0:34:46,Khalde,2016,650
2016-08-24 15:53:30,Rmaileh,2016,118
2016-08-24 22:17:07,Naame,2016,182
2016-08-26 16:50:16,Khalde,2016,650
2016-08-26 23:56:12,Naame,2016,182
2016-08-27 6:04:46,Naame,2016,182
2016-08-27 6:28:10,Jiye,2016,328
2016-08-27 6:28:10,Jiye,2016,328
2016-08-27 6:46:35,Jiye,2016,328
2016-08-27 20:59:00,Khalde,2016,650
2016-08-30 10:44:13,Khalde,2016,650
2016-08-30 10:44:13,Khalde,2016,650
2016-08-30 20:36:22,Damour,2016,354
2016-09-01 23:26:53,Naame,2016,182
2016-09-01 23:26:53,Naame,2016,182
2016-09-01 23:26:53,Naame,2016,182
2016-09-01 23:59:29,Naame,2016,182
2016-09-02 19:10:34,Jiye,2016,328
2016-09-02 19:10:34,Jiye,2016,328
2016-09-02 19:34:17,Jiye,2016,328
2016-09-02 19:34:17,Jiye,2016,328
2016-09-03 19:41:31,Rmaileh,2016,118
2016-09-03 19:44:05,Rmaileh,2016,118
2016-09-04 19:22:34,Damour,2016,354
2016-09-05 16:18:10,Rmaileh,2016,118
2016-09-08 6:08:58,Jiye,2016,328
2016-09-09 1:34:31,Khalde,2016,650
2016-09-09 1:34:31,Khalde,2016,650
2016-09-09 15:04:10,Khalde,2016,650
2016-09-09 15:04:10,Khalde,2016,650
2016-09-09 15:04:10,Khalde,2016,650
2016-09-09 15:29:04,Khalde,2016,650
2016-09-10 10:36:27,Khalde,2016,650
2016-09-10 18:53:56,Damour,2016,354
2016-09-11 14:52:02,Jiye,2016,328
2016-09-11 14:52:02,Jiye,2016,328
2016-09-12 12:10:20,Damour,2016,354
2016-09-12 12:10:20,Damour,2016,354
2016-09-13 14:09:18,Damour,2016,354
2016-09-13 14:09:18,Damour,2016,354
2016-09-13 14:09:18,Damour,2016,354
2016-09-13 14:13:33,Damour,2016,354
2016-09-13 14:13:33,Damour,2016,354
2016-09-13 14:13:33,Damour,2016,354
2016-09-13 14:14:02,Damour,2016,354
2016-09-13 14:27:17,Damour,2016,354
2016-09-13 14:27:17,Damour,2016,354
2016-09-13 14:27:17,Damour,2016,354
2016-09-13 14:27:17,Damour,2016,354
2016-09-13 14:43:57,Damour,2016,354
2016-09-14 2:05:15,Damour,2016,354
2016-09-14 2:05:15,Damour,2016,354
2016-09-16 6:51:13,Khalde,2016,650
2016-09-16 6:51:13,Khalde,2016,650
2016-09-16 12:03:54,Khalde,2016,650
2016-09-16 17:50:35,Khalde,2016,650
2016-09-18 12:57:51,Khalde,2016,650
2016-09-18 20:48:29,Naame,2016,182
2016-09-18 20:48:29,Naame,2016,182
2016-09-19 7:31:12,Naame,2016,182
2016-09-20 18:16:26,Naame,2016,182
2016-09-20 18:16:26,Naame,2016,182
2016-09-20 20:18:47,Saadiyat,2016,122
2016-09-23 11:47:55,Jiye,2016,328
2016-09-23 11:47:55,Jiye,2016,328
2016-09-24 23:43:04,Jiye,2016,328
2016-09-26 15:03:24,Damour,2016,354
2016-09-26 15:03:24,Damour,2016,354
2016-09-26 15:15:31,Damour,2016,354
2016-09-28 14:04:01,Naame,2016,182
2016-09-28 14:04:01,Naame,2016,182
2016-09-29 12:51:33,Khalde,2016,650
2016-09-29 19:15:15,Naame,2016,182
2016-10-02 1:52:40,Jiye,2016,328
2016-10-02 1:52:40,Jiye,2016,328
2016-10-02 1:52:40,Jiye,2016,328
2016-10-03 11:04:57,Khalde,2016,650
2016-10-03 12:33:00,Saadiyat,2016,122
2016-10-04 6:50:43,Naame,2016,182
2016-10-04 8:41:30,Jadra,2016,39
2016-10-05 7:47:51,Saadiyat,2016,122
2016-10-05 7:47:51,Saadiyat,2016,122
2016-10-05 10:56:28,Damour,2016,354
2016-10-06 16:44:01,Rmaileh,2016,118
2016-10-08 10:30:15,Damour,2016,354
2016-10-08 10:30:15,Damour,2016,354
2016-10-08 21:41:53,Khalde,2016,650
2016-10-09 15:25:16,Damour,2016,354
2016-10-09 20:31:00,Damour,2016,354
2016-10-09 20:31:00,Damour,2016,354
2016-10-13 14:24:27,Jiye,2016,328
2016-10-14 7:18:32,Khalde,2016,650
2016-10-15 1:07:46,Damour,2016,354
2016-10-16 18:57:39,Khalde,2016,650
2016-10-16 18:57:39,Khalde,2016,650
2016-10-16 20:01:17,Khalde,2016,650
2016-10-17 6:43:24,Jiye,2016,328
2016-10-17 6:43:24,Jiye,2016,328
2016-10-17 17:00:51,Jiye,2016,328
2016-10-17 17:19:10,Jiye,2016,328
2016-10-18 12:37:27,Khalde,2016,650
2016-10-19 11:54:48,Damour,2016,354
2016-10-19 13:46:21,Rmaileh,2016,118
2016-10-19 18:13:14,Jiye,2016,328
2016-10-19 18:13:14,Jiye,2016,328
2016-10-19 18:13:14,Jiye,2016,328
2016-10-19 18:13:14,Jiye,2016,328
2016-10-19 19:23:05,Khalde,2016,650
2016-10-20 1:20:20,Khalde,2016,650
2016-10-20 1:20:20,Khalde,2016,650
2016-10-20 1:20:20,Khalde,2016,650
2016-10-20 15:10:07,Jadra,2016,39
2016-10-21 18:42:33,Khalde,2016,650
2016-10-21 20:18:05,Khalde,2016,650
2016-10-21 21:49:55,Khalde,2016,650
2016-10-21 22:57:33,Saadiyat,2016,122
2016-10-21 23:24:32,Saadiyat,2016,122
2016-10-21 23:50:51,Saadiyat,2016,122
2016-10-22 9:36:20,Damour,2016,354
2016-10-22 16:48:13,Jiye,2016,328
2016-10-22 16:48:13,Jiye,2016,328
2016-10-22 16:50:43,Jiye,2016,328
2016-10-22 16:50:43,Jiye,2016,328
2016-10-22 16:53:22,Jiye,2016,328
2016-10-22 16:53:22,Jiye,2016,328
2016-10-22 16:55:27,Jiye,2016,328
2016-10-22 16:55:27,Jiye,2016,328
2016-10-22 16:55:27,Jiye,2016,328
2016-10-23 18:41:58,Jiye,2016,328
2016-10-23 18:55:45,Jiye,2016,328
2016-10-23 18:55:45,Jiye,2016,328
2016-10-23 22:10:56,Naame,2016,182
2016-10-25 21:49:10,Jiye,2016,328
2016-10-25 22:40:39,Naame,2016,182
2016-10-26 9:41:37,Khalde,2016,650
2016-10-30 0:05:19,Naame,2016,182
2016-10-30 13:19:08,Damour,2016,354
2016-11-02 9:28:09,Jiye,2016,328
2016-11-02 19:33:29,Damour,2016,354
2016-11-02 23:57:59,Damour,2016,354
2016-11-05 14:12:49,Damour,2016,354
2016-11-06 14:50:09,Naame,2016,182
2016-11-06 14:50:09,Naame,2016,182
2016-11-06 14:50:09,Naame,2016,182
2016-11-06 14:50:09,Naame,2016,182
2016-11-06 15:12:01,Naame,2016,182
2016-11-06 15:12:01,Naame,2016,182
2016-11-07 18:39:57,Khalde,2016,650
2016-11-08 9:16:38,Rmaileh,2016,118
2016-11-08 11:17:15,Rmaileh,2016,118
2016-11-10 17:15:44,Khalde,2016,650
2016-11-10 17:15:44,Khalde,2016,650
2016-11-13 0:13:33,Naame,2016,182
2016-11-13 16:10:43,Jiye,2016,328
2016-11-13 17:38:59,Haret en Naame,2016,14
2016-11-14 17:06:39,Jiye,2016,328
2016-11-15 0:10:47,Khalde,2016,650
2016-11-15 0:10:47,Khalde,2016,650
2016-11-17 13:35:36,Khalde,2016,650
2016-11-17 13:35:36,Khalde,2016,650
2016-11-18 7:03:04,Naame,2016,182
2016-11-18 7:19:25,Naame,2016,182
2016-11-19 15:36:27,Naame,2016,182
2016-11-19 17:57:42,Jiye,2016,328
2016-11-19 17:57:42,Jiye,2016,328
2016-11-20 11:16:26,Khalde,2016,650
2016-11-20 11:16:26,Khalde,2016,650
2016-11-20 11:16:26,Khalde,2016,650
2016-11-23 6:26:35,Jiye,2016,328
2016-11-24 14:24:46,Khalde,2016,650
2016-11-26 22:55:24,Khalde,2016,650
2016-11-28 12:46:27,Khalde,2016,650
2016-11-28 14:59:50,Khalde,2016,650
2016-11-28 14:59:50,Khalde,2016,650
2016-11-28 14:59:50,Khalde,2016,650
2016-11-28 14:59:50,Khalde,2016,650
2016-11-29 16:27:21,Khalde,2016,650
2016-12-02 0:40:08,Damour,2016,354
2016-12-02 0:40:08,Damour,2016,354
2016-12-02 20:07:16,Khalde,2016,650
2016-12-02 20:07:16,Khalde,2016,650
2016-12-02 20:07:16,Khalde,2016,650
2016-12-03 11:50:22,Saadiyat,2016,122
2016-12-03 11:52:09,Saadiyat,2016,122
2016-12-03 12:11:48,Saadiyat,2016,122
2016-12-03 12:11:48,Saadiyat,2016,122
2016-12-03 20:36:13,Khalde,2016,650
2016-12-03 20:36:13,Khalde,2016,650
2016-12-04 0:02:17,Naame,2016,182
2016-12-04 2:55:46,Jiye,2016,328
2016-12-05 12:49:35,Rmaileh,2016,118
2016-12-05 12:49:35,Rmaileh,2016,118
2016-12-06 4:23:45,Damour,2016,354
2016-12-07 22:17:37,Jiye,2016,328
2016-12-07 22:17:37,Jiye,2016,328
2016-12-07 22:17:37,Jiye,2016,328
2016-12-07 22:17:37,Jiye,2016,328
2016-12-07 22:17:37,Jiye,2016,328
2016-12-07 22:17:37,Jiye,2016,328
2016-12-11 19:45:00,Damour,2016,354
2016-12-11 20:00:32,Damour,2016,354
2016-12-13 2:15:50,Khalde,2016,650
2016-12-13 2:15:50,Khalde,2016,650
2016-12-13 2:15:50,Khalde,2016,650
2016-12-13 16:03:40,Damour,2016,354
2016-12-13 18:23:57,Khalde,2016,650
2016-12-13 18:23:57,Khalde,2016,650
2016-12-13 18:23:57,Khalde,2016,650
2016-12-13 18:23:57,Khalde,2016,650
2016-12-13 18:23:57,Khalde,2016,650
2016-12-13 18:23:57,Khalde,2016,650
2016-12-15 15:55:21,Khalde,2016,650
2016-12-16 1:31:40,Damour,2016,354
2016-12-18 23:04:31,Khalde,2016,650
2016-12-18 23:04:31,Khalde,2016,650
2016-12-18 23:04:31,Khalde,2016,650
2016-12-18 23:12:54,Khalde,2016,650
2016-12-18 23:12:54,Khalde,2016,650
2016-12-19 17:25:50,Jadra,2016,39
2016-12-20 2:08:45,Khalde,2016,650
2016-12-20 18:20:52,Khalde,2016,650
2016-12-21 20:55:25,Jiye,2016,328
2016-12-21 20:55:25,Jiye,2016,328
2016-12-22 7:33:39,Rmaileh,2016,118
2016-12-22 13:55:56,Damour,2016,354
2016-12-22 13:55:56,Damour,2016,354
2016-12-22 16:41:02,Jiye,2016,328
2016-12-24 14:34:57,Saadiyat,2016,122
2016-12-24 14:34:57,Saadiyat,2016,122
2016-12-24 14:34:57,Saadiyat,2016,122
2016-12-25 7:10:53,Damour,2016,354
2016-12-25 7:10:53,Damour,2016,354
2016-12-25 10:47:26,Khalde,2016,650
2016-12-25 14:17:27,Damour,2016,354
2016-12-25 14:17:27,Damour,2016,354
2016-12-25 14:18:00,Damour,2016,354
2016-12-25 14:18:00,Damour,2016,354
2016-12-26 21:55:22,Khalde,2016,650
2016-12-27 4:06:29,Naame,2016,182
2016-12-27 4:24:45,Naame,2016,182
2016-12-27 12:40:53,Jiye,2016,328
2016-12-27 12:40:53,Jiye,2016,328
2016-12-28 11:28:09,Khalde,2016,650
2016-12-28 13:07:36,Jiye,2016,328
2016-12-28 13:44:15,Jiye,2016,328
2016-12-30 10:57:07,Khalde,2016,650
2016-12-30 15:11:06,Khalde,2016,650
2016-12-30 18:15:36,Naame,2016,182
2017-01-01 18:50:00,Khalde,2017,650
2017-01-01 18:51:00,Khalde,2017,650
2017-01-01 18:52:00,Khalde,2017,650
2017-01-01 18:52:00,Khalde,2017,650
2017-01-03 0:09:00,Khalde,2017,650
2017-01-03 0:09:00,Khalde,2017,650
2017-01-03 16:29:00,Khalde,2017,650
2017-01-03 17:35:00,Damour,2017,354
2017-01-04 23:30:00,Damour,2017,354
2017-01-04 23:32:00,Damour,2017,354
2017-01-05 17:18:00,Rmaileh,2017,118
2017-01-06 17:26:00,Damour,2017,354
2017-01-06 17:27:00,Damour,2017,354
2017-01-07 17:37:00,Khalde,2017,650
2017-01-07 17:38:00,Khalde,2017,650
2017-01-07 17:39:00,Khalde,2017,650
2017-01-08 20:02:00,Naame,2017,182
2017-01-10 18:58:00,Saadiyat,2017,122
2017-01-10 18:58:00,Saadiyat,2017,122
2017-01-10 23:51:00,Khalde,2017,650
2017-01-12 11:50:00,Khalde,2017,650
2017-01-12 11:52:00,Khalde,2017,650
2017-01-12 19:03:00,Jiye,2017,328
2017-01-13 2:39:00,Rmaileh,2017,118
2017-01-13 8:42:00,Jiye,2017,328
2017-01-13 8:43:00,Jiye,2017,328
2017-01-15 1:20:00,Damour,2017,354
2017-01-15 1:22:00,Damour,2017,354
2017-01-16 0:47:00,Khalde,2017,650
2017-01-16 1:30:00,Khalde,2017,650
2017-01-18 1:36:00,Khalde,2017,650
2017-01-18 21:06:00,Jiye,2017,328
2017-01-20 18:40:00,Naame,2017,182
2017-01-20 22:46:00,Khalde,2017,650
2017-01-21 18:42:00,Rmaileh,2017,118
2017-01-21 18:43:00,Rmaileh,2017,118
2017-01-22 1:16:00,Damour,2017,354
2017-01-22 1:19:00,Damour,2017,354
2017-01-22 1:20:00,Damour,2017,354
2017-01-22 1:20:00,Damour,2017,354
2017-01-22 19:19:00,Damour,2017,354
2017-01-24 13:30:00,Damour,2017,354
2017-01-24 13:31:00,Damour,2017,354
2017-01-25 1:29:00,Saadiyat,2017,122
2017-01-26 23:58:00,Damour,2017,354
2017-01-27 0:59:00,Saadiyat,2017,122
2017-01-27 0:59:00,Saadiyat,2017,122
2017-01-27 1:00:00,Saadiyat,2017,122
2017-01-28 3:48:00,Damour,2017,354
2017-01-28 3:49:00,Damour,2017,354
2017-01-29 15:16:00,Khalde,2017,650
2017-01-30 10:31:00,Jiye,2017,328
2017-01-30 10:32:00,Jiye,2017,328
2017-01-30 14:11:00,Khalde,2017,650
2017-01-30 14:11:00,Khalde,2017,650
2017-01-31 1:41:00,Naame,2017,182
2017-01-31 16:56:00,Khalde,2017,650
2017-01-31 17:24:00,Khalde,2017,650
2017-02-01 0:56:00,Khalde,2017,650
2017-02-01 0:59:00,Khalde,2017,650
2017-02-02 10:53:00,Jiye,2017,328
2017-02-02 23:49:00,Khalde,2017,650
2017-02-03 7:30:00,Naame,2017,182
2017-02-03 12:46:00,Saadiyat,2017,122
2017-02-03 12:47:00,Saadiyat,2017,122
2017-02-03 15:07:00,Damour,2017,354
2017-02-04 7:21:00,Saadiyat,2017,122
2017-02-05 18:25:00,Khalde,2017,650
2017-02-06 8:34:00,Khalde,2017,650
2017-02-07 23:04:00,Damour,2017,354
2017-02-08 21:51:00,Damour,2017,354
2017-02-09 5:35:00,Khalde,2017,650
2017-02-09 5:36:00,Khalde,2017,650
2017-02-10 15:50:00,Naame,2017,182
2017-02-10 15:51:00,Naame,2017,182
2017-02-10 15:57:00,Naame,2017,182
2017-02-10 15:57:00,Naame,2017,182
2017-02-11 21:29:00,Jiye,2017,328
2017-02-12 7:01:00,Khalde,2017,650
2017-02-12 7:02:00,Khalde,2017,650
2017-02-13 10:57:00,Jiye,2017,328
2017-02-13 12:42:00,Naame,2017,182
2017-02-13 12:42:00,Naame,2017,182
2017-02-13 23:59:00,Jiye,2017,328
2017-02-14 7:45:00,Jiye,2017,328
2017-02-14 8:00:00,Khalde,2017,650
2017-02-14 20:07:00,Jiye,2017,328
2017-02-15 0:15:00,Khalde,2017,650
2017-02-15 0:17:00,Khalde,2017,650
2017-02-17 13:43:00,Jiye,2017,328
2017-02-17 23:07:00,Rmaileh,2017,118
2017-02-18 20:28:00,Khalde,2017,650
2017-02-19 2:07:00,Khalde,2017,650
2017-02-19 2:08:00,Khalde,2017,650
2017-02-19 22:04:00,Khalde,2017,650
2017-02-19 22:04:00,Khalde,2017,650
2017-02-21 9:33:00,Khalde,2017,650
2017-02-21 9:34:00,Khalde,2017,650
2017-02-21 9:35:00,Khalde,2017,650
2017-02-21 9:36:00,Khalde,2017,650
2017-02-21 20:51:00,Khalde,2017,650
2017-02-21 20:53:00,Khalde,2017,650
2017-02-22 18:36:00,Damour,2017,354
2017-02-24 13:27:00,Damour,2017,354
2017-02-24 13:30:00,Damour,2017,354
2017-02-24 19:33:00,Haret en Naame,2017,14
2017-02-24 22:28:00,Khalde,2017,650
2017-02-24 22:29:00,Khalde,2017,650
2017-02-24 22:30:00,Khalde,2017,650
2017-02-25 17:43:00,Khalde,2017,650
2017-02-26 0:42:00,Khalde,2017,650
2017-02-26 0:42:00,Khalde,2017,650
2017-02-26 3:28:00,Khalde,2017,650
2017-02-27 13:36:00,Khalde,2017,650
2017-03-01 16:47:00,Jiye,2017,328
2017-03-02 1:01:00,Khalde,2017,650
2017-03-02 1:02:00,Khalde,2017,650
2017-03-02 3:54:00,Khalde,2017,650
2017-03-02 21:22:00,Jiye,2017,328
2017-03-04 23:08:00,Khalde,2017,650
2017-03-05 12:00:00,Khalde,2017,650
2017-03-05 12:01:00,Khalde,2017,650
2017-03-05 13:53:00,Damour,2017,354
2017-03-05 23:25:00,Rmaileh,2017,118
2017-03-05 23:33:00,Rmaileh,2017,118
2017-03-06 14:16:00,Damour,2017,354
2017-03-09 19:25:00,Jadra,2017,39
2017-03-09 19:26:00,Jadra,2017,39
2017-03-10 17:03:00,Damour,2017,354
2017-03-10 17:03:00,Damour,2017,354
2017-03-10 19:39:00,Khalde,2017,650
2017-03-11 14:23:00,Damour,2017,354
2017-03-11 14:24:00,Damour,2017,354
2017-03-15 2:08:00,Khalde,2017,650
2017-03-15 14:18:00,Saadiyat,2017,122
2017-03-16 18:24:00,Saadiyat,2017,122
2017-03-17 9:56:00,Damour,2017,354
2017-03-19 14:41:00,Jadra,2017,39
2017-03-19 14:43:00,Jadra,2017,39
2017-03-20 7:07:00,Jiye,2017,328
2017-03-20 7:22:00,Jiye,2017,328
2017-03-20 7:23:00,Jiye,2017,328
2017-03-20 7:23:00,Jiye,2017,328
2017-03-20 7:25:00,Jiye,2017,328
2017-03-20 7:25:00,Jiye,2017,328
2017-03-20 7:26:00,Jiye,2017,328
2017-03-20 16:52:00,Rmaileh,2017,118
2017-03-22 12:18:00,Saadiyat,2017,122
2017-03-26 18:38:00,Khalde,2017,650
2017-03-27 17:45:00,Haret en Naame,2017,14
2017-03-29 1:17:00,Khalde,2017,650
2017-03-29 1:18:00,Khalde,2017,650
2017-03-29 1:19:00,Khalde,2017,650
2017-03-31 0:33:00,Khalde,2017,650
2017-03-31 8:10:00,Jiye,2017,328
2017-03-31 19:12:00,Naame,2017,182
2017-04-01 11:59:00,Rmaileh,2017,118
2017-04-01 14:17:00,Khalde,2017,650
2017-04-02 19:25:00,Jiye,2017,328
2017-04-02 19:25:00,Jiye,2017,328
2017-04-02 20:04:00,Jiye,2017,328
2017-04-08 16:46:00,Khalde,2017,650
2017-04-08 16:47:00,Khalde,2017,650
2017-04-08 16:48:00,Khalde,2017,650
2017-04-09 7:11:00,Khalde,2017,650
2017-04-10 17:15:00,Khalde,2017,650
2017-04-12 10:26:00,Khalde,2017,650
2017-04-12 22:49:00,Damour,2017,354
2017-04-14 22:11:00,Damour,2017,354
2017-04-16 3:30:00,Naame,2017,182
2017-04-16 7:41:00,Khalde,2017,650
2017-04-17 10:26:00,Rmaileh,2017,118
2017-04-17 10:29:00,Rmaileh,2017,118
2017-04-17 10:31:00,Rmaileh,2017,118
2017-04-17 10:33:00,Rmaileh,2017,118
2017-04-17 10:35:00,Rmaileh,2017,118
2017-04-17 10:36:00,Rmaileh,2017,118
2017-04-17 14:06:00,Damour,2017,354
2017-04-17 14:07:00,Damour,2017,354
2017-04-17 14:10:00,Damour,2017,354
2017-04-17 14:10:00,Damour,2017,354
2017-04-19 10:21:00,Khalde,2017,650
2017-04-19 19:10:00,Damour,2017,354
2017-04-20 13:03:00,Khalde,2017,650
2017-04-21 20:16:00,Saadiyat,2017,122
2017-04-21 20:18:00,Saadiyat,2017,122
2017-04-22 16:43:00,Khalde,2017,650
2017-04-22 16:43:00,Khalde,2017,650
2017-04-23 3:29:00,Jiye,2017,328
2017-04-23 3:31:00,Jiye,2017,328
2017-04-23 3:32:00,Jiye,2017,328
2017-04-24 18:47:00,Khalde,2017,650
2017-04-25 0:25:00,Khalde,2017,650
2017-04-28 7:47:00,Rmaileh,2017,118
2017-04-28 17:11:00,Rmaileh,2017,118
2017-04-29 0:34:00,Damour,2017,354
2017-04-30 1:13:00,Khalde,2017,650
2017-04-30 1:14:00,Khalde,2017,650
2017-04-30 16:03:00,Damour,2017,354
2017-04-30 16:05:00,Damour,2017,354
2017-04-30 16:06:00,Damour,2017,354
2017-04-30 16:08:00,Damour,2017,354
2017-05-01 1:19:00,Naame,2017,182
2017-05-01 21:01:00,Saadiyat,2017,122
2017-05-02 8:08:00,Khalde,2017,650
2017-05-02 8:09:00,Khalde,2017,650
2017-05-03 3:05:00,Khalde,2017,650
2017-05-04 0:35:00,Damour,2017,354
2017-05-04 21:00:00,Jiye,2017,328
2017-05-04 23:55:00,Khalde,2017,650
2017-05-05 0:39:00,Khalde,2017,650
2017-05-05 19:22:00,Jiye,2017,328
2017-05-05 19:23:00,Jiye,2017,328
2017-05-06 17:44:00,Saadiyat,2017,122
2017-05-07 14:02:00,Jiye,2017,328
2017-05-09 13:26:00,Haret en Naame,2017,14
2017-05-09 13:27:00,Haret en Naame,2017,14
2017-05-10 19:24:00,Khalde,2017,650
2017-05-11 22:35:00,Naame,2017,182
2017-05-12 6:24:00,Khalde,2017,650
2017-05-12 6:25:00,Khalde,2017,650
2017-05-12 17:34:00,Khalde,2017,650
2017-05-13 17:58:00,Saadiyat,2017,122
2017-05-13 19:16:00,Khalde,2017,650
2017-05-13 19:17:00,Khalde,2017,650
2017-05-17 12:23:00,Jiye,2017,328
2017-05-18 19:57:00,Damour,2017,354
2017-05-19 17:09:00,Khalde,2017,650
2017-05-20 1:31:00,Khalde,2017,650
2017-05-20 11:48:00,Khalde,2017,650
2017-05-20 15:45:00,Khalde,2017,650
2017-05-22 13:20:00,Damour,2017,354
2017-05-22 13:23:00,Damour,2017,354
2017-05-24 14:14:00,Naame,2017,182
2017-05-26 20:24:00,Khalde,2017,650
2017-05-26 20:25:00,Khalde,2017,650
2017-05-28 3:41:00,Jiye,2017,328
2017-05-29 1:50:00,Khalde,2017,650
2017-05-29 14:39:00,Haret en Naame,2017,14
2017-05-29 19:29:00,Naame,2017,182
2017-05-30 8:16:00,Damour,2017,354
2017-05-30 21:57:00,Jadra,2017,39
2017-05-30 21:58:00,Jadra,2017,39
2017-06-02 22:56:00,Khalde,2017,650
2017-06-02 22:57:00,Khalde,2017,650
2017-06-03 15:19:00,Jadra,2017,39
2017-06-03 16:47:00,Rmaileh,2017,118
2017-06-03 18:18:00,Rmaileh,2017,118
2017-06-04 0:41:00,Jiye,2017,328
2017-06-04 2:58:00,Khalde,2017,650
2017-06-04 15:07:00,Khalde,2017,650
2017-06-05 18:27:00,Jiye,2017,328
2017-06-05 19:28:00,Jiye,2017,328
2017-06-06 12:41:00,Saadiyat,2017,122
2017-06-07 23:51:00,Damour,2017,354
2017-06-07 23:53:00,Damour,2017,354
2017-06-08 23:42:00,Naame,2017,182
2017-06-09 16:04:00,Jiye,2017,328
2017-06-09 16:06:00,Jiye,2017,328
2017-06-09 23:29:00,Khalde,2017,650
2017-06-10 5:37:00,Damour,2017,354
2017-06-11 1:56:00,Jiye,2017,328
2017-06-11 18:50:00,Khalde,2017,650
2017-06-11 18:51:00,Khalde,2017,650
2017-06-11 19:32:00,Khalde,2017,650
2017-06-12 15:55:00,Khalde,2017,650
2017-06-12 16:51:00,Jiye,2017,328
2017-06-12 23:45:00,Khalde,2017,650
2017-06-12 23:46:00,Khalde,2017,650
2017-06-12 23:46:00,Khalde,2017,650
2017-06-13 17:35:00,Khalde,2017,650
2017-06-14 19:55:00,Rmaileh,2017,118
2017-06-15 9:42:00,Jiye,2017,328
2017-06-15 9:43:00,Jiye,2017,328
2017-06-15 10:34:00,Jiye,2017,328
2017-06-16 9:26:00,Damour,2017,354
2017-06-16 17:00:00,Damour,2017,354
2017-06-16 23:22:00,Khalde,2017,650
2017-06-17 4:33:00,Damour,2017,354
2017-06-17 12:35:00,Rmaileh,2017,118
2017-06-18 18:25:00,Rmaileh,2017,118
2017-06-19 10:16:00,Damour,2017,354
2017-06-19 10:17:00,Damour,2017,354
2017-06-19 13:29:00,Jiye,2017,328
2017-06-20 2:33:00,Khalde,2017,650
2017-06-21 17:17:00,Khalde,2017,650
2017-06-21 17:39:00,Naame,2017,182
2017-06-22 23:43:00,Naame,2017,182
2017-06-22 23:44:00,Naame,2017,182
2017-06-23 0:25:00,Naame,2017,182
2017-06-23 0:26:00,Naame,2017,182
2017-06-23 2:24:00,Haret en Naame,2017,14
2017-06-23 16:47:00,Khalde,2017,650
2017-06-23 16:47:00,Khalde,2017,650
2017-06-23 20:05:00,Damour,2017,354
2017-06-23 20:06:00,Damour,2017,354
2017-06-23 20:07:00,Damour,2017,354
2017-06-24 17:05:00,Rmaileh,2017,118
2017-06-24 19:42:00,Rmaileh,2017,118
2017-06-24 19:44:00,Rmaileh,2017,118
2017-06-24 19:48:00,Rmaileh,2017,118
2017-06-24 19:49:00,Rmaileh,2017,118
2017-06-25 11:19:00,Rmaileh,2017,118
2017-06-25 11:20:00,Rmaileh,2017,118
2017-06-25 11:21:00,Rmaileh,2017,118
2017-06-25 11:22:00,Rmaileh,2017,118
2017-06-25 11:22:00,Rmaileh,2017,118
2017-06-25 11:23:00,Rmaileh,2017,118
2017-06-25 15:49:00,Naame,2017,182
2017-06-25 18:10:00,Damour,2017,354
2017-06-25 18:11:00,Damour,2017,354
2017-06-25 20:03:00,Damour,2017,354
2017-06-25 20:05:00,Damour,2017,354
2017-06-25 20:08:00,Damour,2017,354
2017-06-25 20:09:00,Damour,2017,354
2017-06-26 15:41:00,Khalde,2017,650
2017-06-28 2:42:00,Khalde,2017,650
2017-06-28 2:43:00,Khalde,2017,650
2017-06-28 2:44:00,Khalde,2017,650
2017-06-30 20:18:00,Saadiyat,2017,122
2017-06-30 20:21:00,Saadiyat,2017,122
2017-06-30 20:22:00,Saadiyat,2017,122
2017-06-30 20:24:00,Saadiyat,2017,122
2017-06-30 21:15:00,Jiye,2017,328
2017-06-30 22:27:00,Damour,2017,354
2017-07-01 11:01:00,Jiye,2017,328
2017-07-01 11:02:00,Jiye,2017,328
2017-07-01 14:31:00,Khalde,2017,650
2017-07-02 4:12:00,Khalde,2017,650
2017-07-02 12:26:00,Damour,2017,354
2017-07-02 12:26:00,Damour,2017,354
2017-07-02 12:27:00,Damour,2017,354
2017-07-03 7:37:00,Naame,2017,182
2017-07-03 7:38:00,Naame,2017,182
2017-07-03 19:50:00,Damour,2017,354
2017-07-03 19:50:00,Damour,2017,354
2017-07-03 20:58:00,Khalde,2017,650
2017-07-04 19:00:00,Damour,2017,354
2017-07-05 16:10:00,Khalde,2017,650
2017-07-05 16:11:00,Khalde,2017,650
2017-07-05 16:12:00,Khalde,2017,650
2017-07-05 19:32:00,Rmaileh,2017,118
2017-07-06 2:41:00,Naame,2017,182
2017-07-06 2:57:00,Naame,2017,182
2017-07-06 2:59:00,Naame,2017,182
2017-07-06 3:11:00,Naame,2017,182
2017-07-06 12:23:00,Khalde,2017,650
2017-07-06 13:03:00,Khalde,2017,650
2017-07-06 13:04:00,Khalde,2017,650
2017-07-06 19:35:00,Jadra,2017,39
2017-07-07 14:02:00,Khalde,2017,650
2017-07-07 14:02:00,Khalde,2017,650
2017-07-07 15:42:00,Rmaileh,2017,118
2017-07-07 15:43:00,Rmaileh,2017,118
2017-07-07 18:53:00,Saadiyat,2017,122
2017-07-07 19:44:00,Khalde,2017,650
2017-07-08 12:59:00,Jiye,2017,328
2017-07-08 13:00:00,Jiye,2017,328
2017-07-09 7:01:00,Damour,2017,354
2017-07-09 7:02:00,Damour,2017,354
2017-07-09 7:03:00,Damour,2017,354
2017-07-09 8:17:00,Damour,2017,354
2017-07-09 17:20:00,Damour,2017,354
2017-07-09 17:21:00,Damour,2017,354
2017-07-10 8:27:00,Naame,2017,182
2017-07-10 11:42:00,Damour,2017,354
2017-07-10 21:40:00,Haret en Naame,2017,14
2017-07-11 0:19:00,Saadiyat,2017,122
2017-07-11 0:20:00,Saadiyat,2017,122
2017-07-11 18:21:00,Rmaileh,2017,118
2017-07-11 19:16:00,Saadiyat,2017,122
2017-07-13 18:29:00,Khalde,2017,650
2017-07-14 4:22:00,Damour,2017,354
2017-07-14 4:57:00,Damour,2017,354
2017-07-14 14:55:00,Khalde,2017,650
2017-07-14 19:39:00,Khalde,2017,650
2017-07-14 19:44:00,Rmaileh,2017,118
2017-07-14 21:17:00,Khalde,2017,650
2017-07-16 0:13:00,Saadiyat,2017,122
2017-07-16 0:13:00,Saadiyat,2017,122
2017-07-16 17:55:00,Rmaileh,2017,118
2017-07-16 19:33:00,Damour,2017,354
2017-07-16 19:34:00,Damour,2017,354
2017-07-16 19:35:00,Damour,2017,354
2017-07-17 22:10:00,Damour,2017,354
2017-07-19 13:24:00,Naame,2017,182
2017-07-19 18:02:00,Damour,2017,354
2017-07-19 18:02:00,Damour,2017,354
2017-07-20 2:24:00,Khalde,2017,650
2017-07-20 2:26:00,Khalde,2017,650
2017-07-20 2:28:00,Khalde,2017,650
2017-07-20 2:30:00,Khalde,2017,650
2017-07-21 11:56:00,Khalde,2017,650
2017-07-21 13:33:00,Jiye,2017,328
2017-07-21 13:35:00,Jiye,2017,328
2017-07-21 13:36:00,Jiye,2017,328
2017-07-22 9:39:00,Khalde,2017,650
2017-07-22 15:35:00,Naame,2017,182
2017-07-22 17:58:00,Khalde,2017,650
2017-07-22 17:59:00,Khalde,2017,650
2017-07-23 21:12:00,Rmaileh,2017,118
2017-07-24 0:22:00,Khalde,2017,650
2017-07-24 0:23:00,Khalde,2017,650
2017-07-24 0:23:00,Khalde,2017,650
2017-07-24 0:24:00,Khalde,2017,650
2017-07-24 7:32:00,Naame,2017,182
2017-07-24 15:41:00,Damour,2017,354
2017-07-24 15:42:00,Damour,2017,354
2017-07-24 15:42:00,Damour,2017,354
2017-07-25 19:40:00,Khalde,2017,650
2017-07-25 20:09:00,Khalde,2017,650
2017-07-27 12:17:00,Khalde,2017,650
2017-07-27 12:18:00,Khalde,2017,650
2017-07-27 12:45:00,Khalde,2017,650
2017-07-27 12:46:00,Khalde,2017,650
2017-07-27 12:46:00,Khalde,2017,650
2017-07-27 12:47:00,Khalde,2017,650
2017-07-29 12:55:00,Damour,2017,354
2017-07-29 20:03:00,Khalde,2017,650
2017-07-30 4:46:00,Rmaileh,2017,118
2017-07-30 23:32:00,Saadiyat,2017,122
2017-07-30 23:34:00,Saadiyat,2017,122
2017-08-01 14:43:00,Damour,2017,354
2017-08-01 23:32:00,Naame,2017,182
2017-08-02 5:33:00,Khalde,2017,650
2017-08-03 19:15:00,Saadiyat,2017,122
2017-08-03 19:16:00,Saadiyat,2017,122
2017-08-03 19:48:00,Damour,2017,354
2017-08-03 19:49:00,Damour,2017,354
2017-08-04 7:45:00,Damour,2017,354
2017-08-04 17:51:00,Khalde,2017,650
2017-08-05 5:33:00,Khalde,2017,650
2017-08-05 5:34:00,Khalde,2017,650
2017-08-05 5:35:00,Khalde,2017,650
2017-08-06 9:42:00,Naame,2017,182
2017-08-07 0:37:00,Jadra,2017,39
2017-08-07 0:39:00,Jadra,2017,39
2017-08-07 0:40:00,Jadra,2017,39
2017-08-07 0:42:00,Jadra,2017,39
2017-08-08 16:54:00,Jiye,2017,328
2017-08-08 23:37:00,Jiye,2017,328
2017-08-08 23:37:00,Jiye,2017,328
2017-08-10 0:13:00,Khalde,2017,650
2017-08-10 10:01:00,Damour,2017,354
2017-08-10 10:02:00,Damour,2017,354
2017-08-10 10:32:00,Damour,2017,354
2017-08-10 10:33:00,Damour,2017,354
2017-08-12 9:50:00,Rmaileh,2017,118
2017-08-12 9:51:00,Rmaileh,2017,118
2017-08-12 18:35:00,Rmaileh,2017,118
2017-08-14 17:52:00,Rmaileh,2017,118
2017-08-16 4:41:00,Damour,2017,354
2017-08-17 0:22:00,Damour,2017,354
2017-08-17 11:43:00,Khalde,2017,650
2017-08-18 19:00:00,Jiye,2017,328
2017-08-18 22:13:00,Naame,2017,182
2017-08-20 12:21:00,Damour,2017,354
2017-08-20 16:25:00,Saadiyat,2017,122
2017-08-20 16:26:00,Saadiyat,2017,122
2017-08-21 1:19:00,Damour,2017,354
2017-08-21 11:51:00,Jiye,2017,328
2017-08-21 13:03:00,Saadiyat,2017,122
2017-08-21 13:07:00,Saadiyat,2017,122
2017-08-21 13:08:00,Saadiyat,2017,122
2017-08-22 18:06:00,Khalde,2017,650
2017-08-24 16:32:00,Saadiyat,2017,122
2017-08-25 8:13:00,Khalde,2017,650
2017-08-25 16:05:00,Saadiyat,2017,122
2017-08-26 8:36:00,Khalde,2017,650
2017-08-26 10:01:00,Khalde,2017,650
2017-08-26 13:40:00,Khalde,2017,650
2017-08-27 3:53:00,Jadra,2017,39
2017-08-27 19:09:00,Saadiyat,2017,122
2017-08-30 17:52:00,Khalde,2017,650
2017-09-01 8:07:00,Khalde,2017,650
2017-09-01 8:08:00,Khalde,2017,650
2017-09-01 8:52:00,Khalde,2017,650
2017-09-02 14:16:00,Khalde,2017,650
2017-09-03 3:39:00,Damour,2017,354
2017-09-03 3:40:00,Damour,2017,354
2017-09-03 3:41:00,Damour,2017,354
2017-09-03 5:33:00,Damour,2017,354
2017-09-04 19:46:00,Jiye,2017,328
2017-09-04 19:47:00,Jiye,2017,328
2017-09-05 0:04:00,Khalde,2017,650
2017-09-06 3:40:00,Rmaileh,2017,118
2017-09-06 3:43:00,Rmaileh,2017,118
2017-09-06 4:06:00,Rmaileh,2017,118
2017-09-07 23:23:00,Naame,2017,182
2017-09-08 0:01:00,Naame,2017,182
2017-09-08 0:02:00,Naame,2017,182
2017-09-08 9:30:00,Khalde,2017,650
2017-09-08 22:15:00,Rmaileh,2017,118
2017-09-09 1:43:00,Khalde,2017,650
2017-09-09 1:44:00,Khalde,2017,650
2017-09-09 6:43:00,Khalde,2017,650
2017-09-09 7:17:00,Khalde,2017,650
2017-09-09 7:18:00,Khalde,2017,650
2017-09-09 15:56:00,Khalde,2017,650
2017-09-10 0:14:00,Damour,2017,354
2017-09-10 0:15:00,Damour,2017,354
2017-09-10 0:16:00,Damour,2017,354
2017-09-10 16:54:00,Damour,2017,354
2017-09-10 16:55:00,Damour,2017,354
2017-09-10 16:56:00,Damour,2017,354
2017-09-10 16:57:00,Damour,2017,354
2017-09-10 19:10:00,Khalde,2017,650
2017-09-10 19:11:00,Khalde,2017,650
2017-09-11 21:20:00,Khalde,2017,650
2017-09-11 22:17:00,Khalde,2017,650
2017-09-13 3:17:00,Khalde,2017,650
2017-09-13 18:52:00,Khalde,2017,650
2017-09-14 1:43:00,Jiye,2017,328
2017-09-17 18:33:00,Naame,2017,182
2017-09-18 18:32:00,Jiye,2017,328
2017-09-21 15:29:00,Jiye,2017,328
2017-09-24 11:31:00,Damour,2017,354
2017-09-25 10:18:00,Naame,2017,182
2017-09-26 14:49:00,Khalde,2017,650
2017-09-26 19:39:00,Damour,2017,354
2017-09-27 9:21:00,Damour,2017,354
2017-09-27 10:21:00,Damour,2017,354
2017-09-27 16:23:00,Khalde,2017,650
2017-09-29 9:47:00,Saadiyat,2017,122
2017-09-29 16:26:00,Damour,2017,354
2017-10-01 8:33:00,Jiye,2017,328
2017-10-01 16:12:00,Khalde,2017,650
2017-10-02 15:07:00,Jiye,2017,328
2017-10-02 15:08:00,Jiye,2017,328
2017-10-02 15:09:00,Jiye,2017,328
2017-10-02 15:32:00,Jiye,2017,328
2017-10-02 15:33:00,Jiye,2017,328
2017-10-02 15:34:00,Jiye,2017,328
2017-10-04 3:20:00,Rmaileh,2017,118
2017-10-04 12:57:00,Saadiyat,2017,122
2017-10-04 18:55:00,Khalde,2017,650
2017-10-04 20:29:00,Jiye,2017,328
2017-10-04 20:32:00,Jiye,2017,328
2017-10-04 20:36:00,Jiye,2017,328
2017-10-05 18:53:00,Damour,2017,354
2017-10-07 23:32:00,Khalde,2017,650
2017-10-08 4:41:00,Naame,2017,182
2017-10-08 10:59:00,Khalde,2017,650
2017-10-09 9:21:00,Khalde,2017,650
2017-10-09 13:45:00,Jiye,2017,328
2017-10-09 13:47:00,Jiye,2017,328
2017-10-09 13:48:00,Jiye,2017,328
2017-10-09 17:19:00,Damour,2017,354
2017-10-10 14:03:00,Khalde,2017,650
2017-10-10 16:09:00,Khalde,2017,650
2017-10-10 16:10:00,Khalde,2017,650
2017-10-11 11:44:00,Rmaileh,2017,118
2017-10-13 13:03:00,Saadiyat,2017,122
2017-10-14 12:44:00,Rmaileh,2017,118
2017-10-14 12:46:00,Rmaileh,2017,118
2017-10-14 17:26:00,Saadiyat,2017,122
2017-10-15 4:14:00,Damour,2017,354
2017-10-16 12:54:00,Jadra,2017,39
2017-10-16 12:55:00,Jadra,2017,39
2017-10-16 19:52:00,Haret en Naame,2017,14
2017-10-16 22:35:00,Naame,2017,182
2017-10-18 14:38:00,Damour,2017,354
2017-10-18 17:21:00,Damour,2017,354
2017-10-18 17:22:00,Damour,2017,354
2017-10-18 17:23:00,Damour,2017,354
2017-10-19 9:11:00,Jiye,2017,328
2017-10-19 9:12:00,Jiye,2017,328
2017-10-19 18:20:00,Naame,2017,182
2017-10-20 2:40:00,Khalde,2017,650
2017-10-21 16:29:00,Jiye,2017,328
2017-10-21 16:44:00,Jiye,2017,328
2017-10-22 17:23:00,Khalde,2017,650
2017-10-22 17:43:00,Jiye,2017,328
2017-10-22 17:44:00,Jiye,2017,328
2017-10-23 3:44:00,Khalde,2017,650
2017-10-23 16:00:00,Khalde,2017,650
2017-10-23 16:53:00,Damour,2017,354
2017-10-24 7:29:00,Damour,2017,354
2017-10-25 7:00:00,Naame,2017,182
2017-10-25 20:15:00,Khalde,2017,650
2017-10-25 20:15:00,Khalde,2017,650
2017-10-26 0:43:00,Khalde,2017,650
2017-10-26 8:35:00,Khalde,2017,650
2017-10-27 11:38:00,Jiye,2017,328
2017-10-27 14:11:00,Khalde,2017,650
2017-10-27 14:12:00,Khalde,2017,650
2017-10-27 15:07:00,Khalde,2017,650
2017-10-28 1:44:00,Khalde,2017,650
2017-10-28 21:15:00,Khalde,2017,650
2017-10-28 21:17:00,Khalde,2017,650
2017-10-28 22:27:00,Damour,2017,354
2017-10-30 18:21:00,Khalde,2017,650
2017-11-02 18:35:00,Khalde,2017,650
2017-11-02 20:46:00,Khalde,2017,650
2017-11-04 15:41:00,Naame,2017,182
2017-11-04 19:23:00,Damour,2017,354
2017-11-04 21:50:00,Jiye,2017,328
2017-11-04 21:52:00,Jiye,2017,328
2017-11-04 21:54:00,Jiye,2017,328
2017-11-04 21:56:00,Jiye,2017,328
2017-11-04 21:57:00,Jiye,2017,328
2017-11-04 21:58:00,Jiye,2017,328
2017-11-05 6:04:00,Naame,2017,182
2017-11-05 6:05:00,Naame,2017,182
2017-11-05 10:44:00,Khalde,2017,650
2017-11-05 10:45:00,Khalde,2017,650
2017-11-06 11:17:00,Naame,2017,182
2017-11-06 12:51:00,Jiye,2017,328
2017-11-08 15:45:00,Khalde,2017,650
2017-11-09 22:06:00,Saadiyat,2017,122
2017-11-09 23:00:00,Saadiyat,2017,122
2017-11-10 9:38:00,Khalde,2017,650
2017-11-10 16:10:00,Saadiyat,2017,122
2017-11-11 3:58:00,Khalde,2017,650
2017-11-11 6:18:00,Khalde,2017,650
2017-11-11 10:57:00,Damour,2017,354
2017-11-11 12:16:00,Naame,2017,182
2017-11-11 12:17:00,Naame,2017,182
2017-11-12 19:53:00,Naame,2017,182
2017-11-12 19:55:00,Naame,2017,182
2017-11-12 21:09:00,Khalde,2017,650
2017-11-12 21:10:00,Khalde,2017,650
2017-11-14 14:28:00,Khalde,2017,650
2017-11-15 5:05:00,Khalde,2017,650
2017-11-15 5:15:00,Khalde,2017,650
2017-11-15 7:58:00,Khalde,2017,650
2017-11-15 8:30:00,Khalde,2017,650
2017-11-17 8:54:00,Khalde,2017,650
2017-11-18 1:07:00,Jiye,2017,328
2017-11-18 1:39:00,Jiye,2017,328
2017-11-18 1:40:00,Jiye,2017,328
2017-11-19 22:34:00,Damour,2017,354
2017-11-22 16:41:00,Naame,2017,182
2017-11-23 18:01:00,Khalde,2017,650
2017-11-24 13:38:00,Damour,2017,354
2017-11-24 13:39:00,Damour,2017,354
2017-11-24 23:53:00,Khalde,2017,650
2017-11-25 1:05:00,Rmaileh,2017,118
2017-11-25 8:06:00,Jiye,2017,328
2017-11-26 14:30:00,Naame,2017,182
2017-11-26 14:30:00,Naame,2017,182
2017-11-26 21:30:00,Khalde,2017,650
2017-11-26 21:31:00,Khalde,2017,650
2017-11-27 1:10:00,Khalde,2017,650
2017-11-28 19:56:00,Khalde,2017,650
2017-11-29 1:03:00,Jiye,2017,328
2017-11-29 3:49:00,Jiye,2017,328
2017-11-29 3:49:00,Jiye,2017,328
2017-11-30 9:37:00,Jiye,2017,328
2017-11-30 9:38:00,Jiye,2017,328
2017-11-30 9:38:00,Jiye,2017,328
2017-11-30 21:28:00,Khalde,2017,650
2017-12-01 0:46:00,Khalde,2017,650
2017-12-01 6:09:00,Damour,2017,354
2017-12-01 6:12:00,Damour,2017,354
2017-12-01 23:27:00,Khalde,2017,650
2017-12-03 20:16:00,Khalde,2017,650
2017-12-03 20:16:00,Khalde,2017,650
2017-12-05 7:20:00,Khalde,2017,650
2017-12-06 14:26:00,Saadiyat,2017,122
2017-12-06 14:27:00,Saadiyat,2017,122
2017-12-07 19:15:00,Jiye,2017,328
2017-12-07 19:16:00,Jiye,2017,328
2017-12-09 20:34:00,Saadiyat,2017,122
2017-12-09 21:34:00,Khalde,2017,650
2017-12-09 21:37:00,Khalde,2017,650
2017-12-09 21:38:00,Khalde,2017,650
2017-12-09 21:39:00,Khalde,2017,650
2017-12-10 1:40:00,Khalde,2017,650
2017-12-10 18:49:00,Khalde,2017,650
2017-12-11 16:38:00,Khalde,2017,650
2017-12-11 18:38:00,Naame,2017,182
2017-12-12 6:17:00,Rmaileh,2017,118
2017-12-13 1:00:00,Naame,2017,182
2017-12-13 1:01:00,Naame,2017,182
2017-12-13 16:57:00,Khalde,2017,650
2017-12-13 16:58:00,Khalde,2017,650
2017-12-13 16:59:00,Khalde,2017,650
2017-12-13 16:59:00,Khalde,2017,650
2017-12-13 17:00:00,Khalde,2017,650
2017-12-14 19:32:00,Rmaileh,2017,118
2017-12-15 5:39:00,Khalde,2017,650
2017-12-15 5:39:00,Khalde,2017,650
2017-12-16 7:30:00,Khalde,2017,650
2017-12-16 7:31:00,Khalde,2017,650
2017-12-16 11:52:00,Jiye,2017,328
2017-12-17 10:27:00,Damour,2017,354
2017-12-17 13:17:00,Rmaileh,2017,118
2017-12-17 13:19:00,Rmaileh,2017,118
2017-12-17 13:19:00,Rmaileh,2017,118
2017-12-20 14:51:00,Saadiyat,2017,122
2017-12-21 19:11:00,Khalde,2017,650
2017-12-24 11:13:00,Naame,2017,182
2017-12-25 1:31:00,Damour,2017,354
2017-12-25 15:52:00,Jiye,2017,328
2017-12-26 21:29:00,Khalde,2017,650
2017-12-27 11:20:00,Damour,2017,354
2017-12-27 11:21:00,Damour,2017,354
2017-12-27 20:21:00,Khalde,2017,650
2017-12-27 22:40:00,Rmaileh,2017,118
2017-12-27 22:44:00,Rmaileh,2017,118
2017-12-27 22:45:00,Rmaileh,2017,118
2017-12-30 20:57:00,Khalde,2017,650
2017-12-31 12:18:00,Damour,2017,354
2017-12-31 12:18:00,Damour,2017,354
2017-12-31 22:55:00,Khalde,2017,650
2017-12-31 22:57:00,Khalde,2017,650
2017-12-31 22:58:00,Khalde,2017,650
2018-01-01 0:43:00,Khalde,Beirut_and_South,650
2018-01-01 10:52:00,Jiye,Beirut_and_South,328
2018-01-01 11:02:00,Khalde,Beirut_and_South,650
2018-01-01 17:35:00,Khalde,Beirut_and_South,650
2018-01-01 20:06:00,Naame,Beirut_and_South,182
2018-01-01 20:06:00,Naame,Beirut_and_South,182
2018-01-01 20:07:00,Naame,Beirut_and_South,182
2018-01-01 22:01:00,Khalde,Beirut_and_South,650
2018-01-02 12:52:00,Khalde,Beirut_and_South,650
2018-01-03 9:29:00,Naame,Beirut_and_South,182
2018-01-03 9:35:00,Naame,Beirut_and_South,182
2018-01-05 17:55:00,Saadiyat,Beirut_and_South,122
2018-01-05 17:56:00,Saadiyat,Beirut_and_South,122
2018-01-09 18:56:00,Jiye,Beirut_and_South,328
2018-01-10 15:52:00,Khalde,Beirut_and_South,650
2018-01-11 8:25:00,Khalde,Beirut_and_South,650
2018-01-11 8:26:00,Khalde,Beirut_and_South,650
2018-01-13 23:19:00,Khalde,Beirut_and_South,650
2018-01-14 16:06:00,Jiye,Beirut_and_South,328
2018-01-14 16:07:00,Jiye,Beirut_and_South,328
2018-01-14 16:07:00,Jiye,Beirut_and_South,328
2018-01-14 16:08:00,Jiye,Beirut_and_South,328
2018-01-18 15:47:00,Jiye,Beirut_and_South,328
2018-01-20 20:02:00,Naame,Beirut_and_South,182
2018-01-21 15:24:00,Khalde,Beirut_and_South,650
2018-01-21 21:30:00,Jiye,Beirut_and_South,328
2018-01-22 0:51:00,Khalde,Beirut_and_South,650
2018-01-22 0:52:00,Khalde,Beirut_and_South,650
2018-01-22 0:53:00,Khalde,Beirut_and_South,650
2018-01-22 0:53:00,Khalde,Beirut_and_South,650
2018-01-22 0:54:00,Khalde,Beirut_and_South,650
2018-01-22 0:57:00,Khalde,Beirut_and_South,650
2018-01-22 0:58:00,Khalde,Beirut_and_South,650
2018-01-22 16:44:00,Khalde,Beirut_and_South,650
2018-01-22 16:45:00,Khalde,Beirut_and_South,650
2018-01-22 20:12:00,Khalde,Beirut_and_South,650
2018-01-23 11:06:00,Damour,Beirut_and_South,354
2018-01-25 16:19:00,Damour,Beirut_and_South,354
2018-01-25 16:21:00,Damour,Beirut_and_South,354
2018-01-25 17:00:00,Damour,Beirut_and_South,354
2018-01-25 17:00:00,Damour,Beirut_and_South,354
2018-01-25 22:39:00,Jadra,Beirut_and_South,39
2018-01-26 0:40:00,Khalde,Beirut_and_South,650
2018-01-26 0:41:00,Khalde,Beirut_and_South,650
2018-01-27 4:39:00,Jiye,Beirut_and_South,328
2018-01-27 4:52:00,Jiye,Beirut_and_South,328
2018-01-27 10:43:00,Khalde,Beirut_and_South,650
2018-01-27 13:03:00,Jiye,Beirut_and_South,328
2018-01-28 14:20:00,Jadra,Beirut_and_South,39
2018-01-29 12:57:00,Saadiyat,Beirut_and_South,122
2018-01-29 12:58:00,Saadiyat,Beirut_and_South,122
2018-01-30 0:11:00,Khalde,Beirut_and_South,650
2018-01-30 0:11:00,Khalde,Beirut_and_South,650
2018-01-30 22:01:00,Khalde,Beirut_and_South,650
2018-01-30 22:03:00,Khalde,Beirut_and_South,650
2018-02-02 6:52:00,Rmaileh,Beirut_and_South,118
2018-02-03 19:07:00,Naame,Beirut_and_South,182
2018-02-04 2:20:00,Jiye,Beirut_and_South,328
2018-02-04 6:20:00,Damour,Beirut_and_South,354
2018-02-04 6:21:00,Damour,Beirut_and_South,354
2018-02-04 6:22:00,Damour,Beirut_and_South,354
2018-02-05 20:56:00,Saadiyat,Beirut_and_South,122
2018-02-05 23:27:00,Jiye,Beirut_and_South,328
2018-02-05 23:28:00,Jiye,Beirut_and_South,328
2018-02-06 12:38:00,Damour,Beirut_and_South,354
2018-02-09 18:41:00,Rmaileh,Beirut_and_South,118
2018-02-10 9:13:00,Khalde,Beirut_and_South,650
2018-02-10 14:24:00,Khalde,Beirut_and_South,650
2018-02-10 14:25:00,Khalde,Beirut_and_South,650
2018-02-10 14:26:00,Khalde,Beirut_and_South,650
2018-02-10 14:27:00,Khalde,Beirut_and_South,650
2018-02-10 14:27:00,Khalde,Beirut_and_South,650
2018-02-10 20:12:00,Khalde,Beirut_and_South,650
2018-02-10 20:13:00,Khalde,Beirut_and_South,650
2018-02-10 20:35:00,Khalde,Beirut_and_South,650
2018-02-11 16:40:00,Naame,Beirut_and_South,182
2018-02-11 16:41:00,Naame,Beirut_and_South,182
2018-02-11 18:37:00,Saadiyat,Beirut_and_South,122
2018-02-11 22:44:00,Khalde,Beirut_and_South,650
2018-02-12 8:31:00,Damour,Beirut_and_South,354
2018-02-13 16:04:00,Khalde,Beirut_and_South,650
2018-02-15 23:02:00,Jadra,Beirut_and_South,39
2018-02-16 1:28:00,Khalde,Beirut_and_South,650
2018-02-16 22:51:00,Khalde,Beirut_and_South,650
2018-02-17 18:08:00,Jiye,Beirut_and_South,328
2018-02-17 18:09:00,Saadiyat,Beirut_and_South,122
2018-02-17 18:11:00,Saadiyat,Beirut_and_South,122
2018-02-17 20:11:00,Jiye,Beirut_and_South,328
2018-02-17 20:54:00,Jiye,Beirut_and_South,328
2018-02-18 3:04:00,Rmaileh,Beirut_and_South,118
2018-02-18 14:43:00,Khalde,Beirut_and_South,650
2018-02-18 14:44:00,Khalde,Beirut_and_South,650
2018-02-18 21:34:00,Jiye,Beirut_and_South,328
2018-02-19 0:12:00,Khalde,Beirut_and_South,650
2018-02-19 0:13:00,Khalde,Beirut_and_South,650
2018-02-19 0:52:00,Khalde,Beirut_and_South,650
2018-02-20 17:13:00,Khalde,Beirut_and_South,650
2018-02-22 1:12:00,Khalde,Beirut_and_South,650
2018-02-22 3:46:00,Khalde,Beirut_and_South,650
2018-02-23 14:21:00,Rmaileh,Beirut_and_South,118
2018-02-23 14:22:00,Rmaileh,Beirut_and_South,118
2018-02-23 15:54:00,Khalde,Beirut_and_South,650
2018-02-25 0:29:00,Khalde,Beirut_and_South,650
2018-02-25 0:29:00,Naame,Beirut_and_South,182
2018-02-26 1:07:00,Khalde,Beirut_and_South,650
2018-02-26 19:25:00,Khalde,Beirut_and_South,650
2018-02-27 10:47:00,Khalde,Beirut_and_South,650
2018-02-27 13:06:00,Jiye,Beirut_and_South,328
2018-02-28 16:10:00,Saadiyat,Beirut_and_South,122
2018-03-01 18:53:00,Naame,Beirut_and_South,182
2018-03-01 18:53:00,Naame,Beirut_and_South,182
2018-03-02 14:07:00,Damour,Beirut_and_South,354
2018-03-02 14:08:00,Damour,Beirut_and_South,354
2018-03-03 19:41:00,Khalde,Beirut_and_South,650
2018-03-03 19:42:00,Khalde,Beirut_and_South,650
2018-03-03 19:42:00,Khalde,Beirut_and_South,650
2018-03-04 20:19:00,Jiye,Beirut_and_South,328
2018-03-05 16:03:00,Damour,Beirut_and_South,354
2018-03-05 16:42:00,Naame,Beirut_and_South,182
2018-03-05 17:10:00,Damour,Beirut_and_South,354
2018-03-05 21:03:00,Saadiyat,Beirut_and_South,122
2018-03-05 21:04:00,Saadiyat,Beirut_and_South,122
2018-03-05 21:05:00,Saadiyat,Beirut_and_South,122
2018-03-05 21:06:00,Saadiyat,Beirut_and_South,122
2018-03-08 10:55:00,Khalde,Beirut_and_South,650
2018-03-08 10:56:00,Khalde,Beirut_and_South,650
2018-03-08 10:57:00,Khalde,Beirut_and_South,650
2018-03-09 22:04:00,Khalde,Beirut_and_South,650
2018-03-09 23:01:00,Damour,Beirut_and_South,354
2018-03-10 22:02:00,Khalde,Beirut_and_South,650
2018-03-10 22:03:00,Khalde,Beirut_and_South,650
2018-03-10 22:04:00,Khalde,Beirut_and_South,650
2018-03-10 22:04:00,Khalde,Beirut_and_South,650
2018-03-11 12:15:00,Saadiyat,Beirut_and_South,122
2018-03-12 15:42:00,Khalde,Beirut_and_South,650
2018-03-13 15:57:00,Damour,Beirut_and_South,354
2018-03-13 15:58:00,Damour,Beirut_and_South,354
2018-03-13 15:59:00,Damour,Beirut_and_South,354
2018-03-13 16:39:00,Damour,Beirut_and_South,354
2018-03-13 19:55:00,Khalde,Beirut_and_South,650
2018-03-16 2:10:00,Damour,Beirut_and_South,354
2018-03-16 2:14:00,Damour,Beirut_and_South,354
2018-03-16 8:29:00,Khalde,Beirut_and_South,650
2018-03-18 4:56:00,Khalde,Beirut_and_South,650
2018-03-18 8:03:00,Damour,Beirut_and_South,354
2018-03-18 10:21:00,Damour,Beirut_and_South,354
2018-03-18 13:58:00,Khalde,Beirut_and_South,650
2018-03-20 13:28:00,Jadra,Beirut_and_South,39
2018-03-21 14:17:00,Khalde,Beirut_and_South,650
2018-03-22 12:25:00,Naame,Beirut_and_South,182
2018-03-22 16:14:00,Khalde,Beirut_and_South,650
2018-03-23 14:47:00,Khalde,Beirut_and_South,650
2018-03-23 23:33:00,Naame,Beirut_and_South,182
2018-03-24 14:51:00,Rmaileh,Beirut_and_South,118
2018-03-24 14:56:00,Rmaileh,Beirut_and_South,118
2018-03-26 7:31:00,Naame,Beirut_and_South,182
2018-03-26 14:54:00,Jiye,Beirut_and_South,328
2018-03-27 17:01:00,Damour,Beirut_and_South,354
2018-03-28 3:24:00,Damour,Beirut_and_South,354
2018-03-28 3:26:00,Damour,Beirut_and_South,354
2018-03-28 3:27:00,Damour,Beirut_and_South,354
2018-03-28 3:28:00,Damour,Beirut_and_South,354
2018-03-28 8:35:00,Damour,Beirut_and_South,354
2018-03-28 8:37:00,Damour,Beirut_and_South,354
2018-03-28 18:43:00,Naame,Beirut_and_South,182
2018-03-28 22:16:00,Khalde,Beirut_and_South,650
2018-03-29 3:27:00,Damour,Beirut_and_South,354
2018-03-31 18:14:00,Damour,Beirut_and_South,354
2018-03-31 18:15:00,Damour,Beirut_and_South,354
2018-03-31 18:15:00,Damour,Beirut_and_South,354
2018-04-01 8:43:00,Jiye,Beirut_and_South,328
2018-04-01 8:46:00,Jiye,Beirut_and_South,328
2018-04-01 8:47:00,Jiye,Beirut_and_South,328
2018-04-01 8:49:00,Jiye,Beirut_and_South,328
2018-04-01 12:30:00,Jiye,Beirut_and_South,328
2018-04-01 12:32:00,Jiye,Beirut_and_South,328
2018-04-03 2:00:00,Khalde,Beirut_and_South,650
2018-04-03 2:19:00,Khalde,Beirut_and_South,650
2018-04-03 2:20:00,Khalde,Beirut_and_South,650
2018-04-04 13:53:00,Khalde,Beirut_and_South,650
2018-04-04 23:59:00,Khalde,Beirut_and_South,650
2018-04-05 0:00:00,Khalde,Beirut_and_South,650
2018-04-06 11:25:00,Khalde,Beirut_and_South,650
2018-04-06 11:26:00,Khalde,Beirut_and_South,650
2018-04-06 20:10:00,Naame,Beirut_and_South,182
2018-04-06 21:59:00,Jiye,Beirut_and_South,328
2018-04-06 21:59:00,Jiye,Beirut_and_South,328
2018-04-07 13:32:00,Jiye,Beirut_and_South,328
2018-04-07 17:57:00,Naame,Beirut_and_South,182
2018-04-07 23:59:00,Khalde,Beirut_and_South,650
2018-04-08 0:00:00,Khalde,Beirut_and_South,650
2018-04-08 0:01:00,Khalde,Beirut_and_South,650
2018-04-08 5:30:00,Khalde,Beirut_and_South,650
2018-04-08 5:31:00,Khalde,Beirut_and_South,650
2018-04-08 20:54:00,Khalde,Beirut_and_South,650
2018-04-08 20:56:00,Khalde,Beirut_and_South,650
2018-04-10 8:00:00,Khalde,Beirut_and_South,650
2018-04-10 8:02:00,Khalde,Beirut_and_South,650
2018-04-10 8:03:00,Khalde,Beirut_and_South,650
2018-04-10 8:05:00,Khalde,Beirut_and_South,650
2018-04-10 12:09:00,Khalde,Beirut_and_South,650
2018-04-10 12:11:00,Khalde,Beirut_and_South,650
2018-04-10 12:11:00,Khalde,Beirut_and_South,650
2018-04-10 12:13:00,Khalde,Beirut_and_South,650
2018-04-10 21:07:00,Naame,Beirut_and_South,182
2018-04-10 22:48:00,Khalde,Beirut_and_South,650
2018-04-12 6:01:00,Khalde,Beirut_and_South,650
2018-04-12 6:02:00,Khalde,Beirut_and_South,650
2018-04-12 14:45:00,Khalde,Beirut_and_South,650
2018-04-12 14:48:00,Khalde,Beirut_and_South,650
2018-04-12 14:49:00,Khalde,Beirut_and_South,650
2018-04-12 18:20:00,Khalde,Beirut_and_South,650
2018-04-12 23:13:00,Damour,Beirut_and_South,354
2018-04-12 23:14:00,Damour,Beirut_and_South,354
2018-04-12 23:15:00,Damour,Beirut_and_South,354
2018-04-13 0:40:00,Jiye,Beirut_and_South,328
2018-04-13 18:45:00,Khalde,Beirut_and_South,650
2018-04-14 1:04:00,Damour,Beirut_and_South,354
2018-04-14 22:34:00,Khalde,Beirut_and_South,650
2018-04-14 22:35:00,Khalde,Beirut_and_South,650
2018-04-15 11:00:00,Damour,Beirut_and_South,354
2018-04-15 11:18:00,Rmaileh,Beirut_and_South,118
2018-04-15 11:21:00,Rmaileh,Beirut_and_South,118
2018-04-15 11:23:00,Rmaileh,Beirut_and_South,118
2018-04-15 12:39:00,Rmaileh,Beirut_and_South,118
2018-04-15 12:40:00,Rmaileh,Beirut_and_South,118
2018-04-15 18:33:00,Khalde,Beirut_and_South,650
2018-04-15 18:34:00,Khalde,Beirut_and_South,650
2018-04-15 18:34:00,Khalde,Beirut_and_South,650
2018-04-15 18:35:00,Khalde,Beirut_and_South,650
2018-04-17 16:57:00,Haret en Naame,Beirut_and_South,14
2018-04-19 21:15:00,Saadiyat,Beirut_and_South,122
2018-04-21 2:14:00,Jiye,Beirut_and_South,328
2018-04-21 10:54:00,Damour,Beirut_and_South,354
2018-04-21 19:23:00,Damour,Beirut_and_South,354
2018-04-22 3:47:00,Khalde,Beirut_and_South,650
2018-04-22 3:51:00,Khalde,Beirut_and_South,650
2018-04-23 6:19:00,Khalde,Beirut_and_South,650
2018-04-23 6:20:00,Khalde,Beirut_and_South,650
2018-04-23 12:24:00,Khalde,Beirut_and_South,650
2018-04-24 0:41:00,Khalde,Beirut_and_South,650
2018-04-25 9:56:00,Damour,Beirut_and_South,354
2018-04-26 14:42:00,Naame,Beirut_and_South,182
2018-04-29 16:50:00,Khalde,Beirut_and_South,650
2018-04-29 16:50:00,Khalde,Beirut_and_South,650
2018-04-29 18:49:00,Damour,Beirut_and_South,354
2018-04-30 5:23:00,Damour,Beirut_and_South,354
2018-04-30 20:24:00,Saadiyat,Beirut_and_South,122
2018-04-30 20:27:00,Saadiyat,Beirut_and_South,122
2018-05-01 14:13:00,Khalde,Beirut_and_South,650
2018-05-01 20:15:00,Saadiyat,Beirut_and_South,122
2018-05-01 20:16:00,Saadiyat,Beirut_and_South,122
2018-05-01 22:50:00,Rmaileh,Beirut_and_South,118
2018-05-01 22:51:00,Rmaileh,Beirut_and_South,118
2018-05-02 8:19:00,Damour,Beirut_and_South,354
2018-05-02 22:41:00,Khalde,Beirut_and_South,650
2018-05-03 18:12:00,Jiye,Beirut_and_South,328
2018-05-04 13:33:00,Saadiyat,Beirut_and_South,122
2018-05-04 20:24:00,Damour,Beirut_and_South,354
2018-05-04 20:26:00,Damour,Beirut_and_South,354
2018-05-04 22:27:00,Damour,Beirut_and_South,354
2018-05-06 7:19:00,Damour,Beirut_and_South,354
2018-05-06 17:36:00,Naame,Beirut_and_South,182
2018-05-07 14:12:00,Saadiyat,Beirut_and_South,122
2018-05-07 14:13:00,Saadiyat,Beirut_and_South,122
2018-05-07 20:59:00,Khalde,Beirut_and_South,650
2018-05-08 9:18:00,Damour,Beirut_and_South,354
2018-05-08 20:47:00,Saadiyat,Beirut_and_South,122
2018-05-11 17:53:00,Naame,Beirut_and_South,182
2018-05-12 14:54:00,Damour,Beirut_and_South,354
2018-05-13 13:09:00,Khalde,Beirut_and_South,650
2018-05-15 16:19:00,Khalde,Beirut_and_South,650
2018-05-15 16:20:00,Khalde,Beirut_and_South,650
2018-05-17 2:29:00,Khalde,Beirut_and_South,650
2018-05-17 2:30:00,Khalde,Beirut_and_South,650
2018-05-17 19:30:00,Khalde,Beirut_and_South,650
2018-05-18 19:40:00,Damour,Beirut_and_South,354
2018-05-19 14:49:00,Saadiyat,Beirut_and_South,122
2018-05-22 11:37:00,Damour,Beirut_and_South,354
2018-05-23 17:46:00,Rmaileh,Beirut_and_South,118
2018-05-24 3:04:00,Damour,Beirut_and_South,354
2018-05-24 11:32:00,Naame,Beirut_and_South,182
2018-05-25 10:35:00,Khalde,Beirut_and_South,650
2018-05-25 16:09:00,Jadra,Beirut_and_South,39
2018-05-26 22:41:00,Jadra,Beirut_and_South,39
2018-05-26 22:46:00,Jadra,Beirut_and_South,39
2018-05-26 23:37:00,Jadra,Beirut_and_South,39
2018-05-27 21:57:00,Khalde,Beirut_and_South,650
2018-05-28 1:17:00,Haret en Naame,Beirut_and_South,14
2018-05-28 13:02:00,Jiye,Beirut_and_South,328
2018-05-28 15:27:00,Rmaileh,Beirut_and_South,118
2018-05-28 15:28:00,Rmaileh,Beirut_and_South,118
2018-05-28 15:47:00,Rmaileh,Beirut_and_South,118
2018-05-28 23:25:00,Damour,Beirut_and_South,354
2018-05-28 23:26:00,Damour,Beirut_and_South,354
2018-05-30 13:14:00,Jiye,Beirut_and_South,328
2018-05-30 13:15:00,Jiye,Beirut_and_South,328
2018-05-30 15:59:00,Jiye,Beirut_and_South,328
2018-05-31 0:36:00,Naame,Beirut_and_South,182
2018-05-31 7:38:00,Jiye,Beirut_and_South,328
2018-05-31 7:39:00,Jiye,Beirut_and_South,328
2018-06-01 2:23:00,Jadra,Beirut_and_South,39
2018-06-01 2:25:00,Jadra,Beirut_and_South,39
2018-06-01 8:13:00,Saadiyat,Beirut_and_South,122
2018-06-02 7:48:00,Jiye,Beirut_and_South,328
2018-06-02 8:43:00,Jiye,Beirut_and_South,328
2018-06-02 8:52:00,Jiye,Beirut_and_South,328
2018-06-03 15:09:00,Naame,Beirut_and_South,182
2018-06-03 16:40:00,Damour,Beirut_and_South,354
2018-06-03 16:41:00,Damour,Beirut_and_South,354
2018-06-04 22:50:00,Damour,Beirut_and_South,354
2018-06-04 22:52:00,Damour,Beirut_and_South,354
2018-06-05 19:50:00,Naame,Beirut_and_South,182
2018-06-05 21:26:00,Naame,Beirut_and_South,182
2018-06-07 20:05:00,Khalde,Beirut_and_South,650
2018-06-08 12:33:00,Khalde,Beirut_and_South,650
2018-06-08 12:34:00,Khalde,Beirut_and_South,650
2018-06-08 12:37:00,Khalde,Beirut_and_South,650
2018-06-09 21:02:00,Khalde,Beirut_and_South,650
2018-06-09 21:03:00,Khalde,Beirut_and_South,650
2018-06-09 22:36:00,Khalde,Beirut_and_South,650
2018-06-09 23:14:00,Khalde,Beirut_and_South,650
2018-06-09 23:14:00,Khalde,Beirut_and_South,650
2018-06-10 0:00:00,Naame,Beirut_and_South,182
2018-06-10 18:25:00,Khalde,Beirut_and_South,650
2018-06-11 8:35:00,Jiye,Beirut_and_South,328
2018-06-11 8:38:00,Jiye,Beirut_and_South,328
2018-06-11 15:11:00,Khalde,Beirut_and_South,650
2018-06-11 18:46:00,Naame,Beirut_and_South,182
2018-06-11 23:03:00,Rmaileh,Beirut_and_South,118
2018-06-12 3:05:00,Khalde,Beirut_and_South,650
2018-06-12 3:05:00,Khalde,Beirut_and_South,650
2018-06-14 0:30:00,Khalde,Beirut_and_South,650
2018-06-14 20:36:00,Khalde,Beirut_and_South,650
2018-06-15 11:23:00,Jiye,Beirut_and_South,328
2018-06-15 23:05:00,Khalde,Beirut_and_South,650
2018-06-18 22:17:00,Naame,Beirut_and_South,182
2018-06-18 22:19:00,Naame,Beirut_and_South,182
2018-06-18 22:20:00,Naame,Beirut_and_South,182
2018-06-19 20:29:00,Damour,Beirut_and_South,354
2018-06-19 20:29:00,Damour,Beirut_and_South,354
2018-06-21 0:47:00,Rmaileh,Beirut_and_South,118
2018-06-21 14:58:00,Jiye,Beirut_and_South,328
2018-06-21 14:58:00,Jiye,Beirut_and_South,328
2018-06-21 15:14:00,Jiye,Beirut_and_South,328
2018-06-22 2:01:00,Khalde,Beirut_and_South,650
2018-06-22 2:53:00,Naame,Beirut_and_South,182
2018-06-24 19:01:00,Damour,Beirut_and_South,354
2018-06-24 21:38:00,Damour,Beirut_and_South,354
2018-06-24 21:40:00,Damour,Beirut_and_South,354
2018-06-24 21:41:00,Saadiyat,Beirut_and_South,122
2018-06-24 21:42:00,Saadiyat,Beirut_and_South,122
2018-06-25 14:08:00,Khalde,Beirut_and_South,650
2018-06-25 17:53:00,Khalde,Beirut_and_South,650
2018-06-26 16:55:00,Khalde,Beirut_and_South,650
2018-06-27 22:07:00,Haret en Naame,Beirut_and_South,14
2018-06-27 23:55:00,Damour,Beirut_and_South,354
2018-06-27 23:56:00,Damour,Beirut_and_South,354
2018-06-28 1:11:00,Damour,Beirut_and_South,354
2018-06-29 12:35:00,Khalde,Beirut_and_South,650
2018-06-29 18:48:00,Khalde,Beirut_and_South,650
2018-06-30 9:43:00,Khalde,Beirut_and_South,650
2018-06-30 22:27:00,Naame,Beirut_and_South,182
2018-07-01 1:24:00,Naame,Beirut_and_South,182
2018-07-01 14:23:00,Khalde,Beirut_and_South,650
2018-07-01 14:24:00,Khalde,Beirut_and_South,650
2018-07-01 16:27:00,Khalde,Beirut_and_South,650
2018-07-01 16:27:00,Khalde,Beirut_and_South,650
2018-07-02 18:32:00,Damour,Beirut_and_South,354
2018-07-02 22:47:00,Damour,Beirut_and_South,354
2018-07-03 14:55:00,Khalde,Beirut_and_South,650
2018-07-03 14:55:00,Khalde,Beirut_and_South,650
2018-07-03 18:22:00,Jadra,Beirut_and_South,39
2018-07-04 8:15:00,Naame,Beirut_and_South,182
2018-07-04 8:16:00,Naame,Beirut_and_South,182
2018-07-04 8:16:00,Naame,Beirut_and_South,182
2018-07-04 13:43:00,Khalde,Beirut_and_South,650
2018-07-04 17:34:00,Damour,Beirut_and_South,354
2018-07-04 17:35:00,Damour,Beirut_and_South,354
2018-07-04 17:37:00,Damour,Beirut_and_South,354
2018-07-04 17:43:00,Damour,Beirut_and_South,354
2018-07-07 1:52:00,Naame,Beirut_and_South,182
2018-07-08 11:44:00,Khalde,Beirut_and_South,650
2018-07-08 11:44:00,Khalde,Beirut_and_South,650
2018-07-08 17:13:00,Saadiyat,Beirut_and_South,122
2018-07-09 21:14:00,Khalde,Beirut_and_South,650
2018-07-10 2:32:00,Khalde,Beirut_and_South,650
2018-07-10 2:34:00,Khalde,Beirut_and_South,650
2018-07-10 2:51:00,Khalde,Beirut_and_South,650
2018-07-10 2:53:00,Khalde,Beirut_and_South,650
2018-07-10 2:54:00,Khalde,Beirut_and_South,650
2018-07-10 8:22:00,Jiye,Beirut_and_South,328
2018-07-10 18:09:00,Jadra,Beirut_and_South,39
2018-07-10 19:50:00,Damour,Beirut_and_South,354
2018-07-10 21:09:00,Khalde,Beirut_and_South,650
2018-07-11 13:28:00,Khalde,Beirut_and_South,650
2018-07-11 13:29:00,Khalde,Beirut_and_South,650
2018-07-12 3:04:00,Khalde,Beirut_and_South,650
2018-07-12 19:41:00,Naame,Beirut_and_South,182
2018-07-12 19:43:00,Naame,Beirut_and_South,182
2018-07-13 8:30:00,Damour,Beirut_and_South,354
2018-07-13 16:10:00,Jiye,Beirut_and_South,328
2018-07-15 6:59:00,Damour,Beirut_and_South,354
2018-07-15 7:15:00,Damour,Beirut_and_South,354
2018-07-15 7:16:00,Damour,Beirut_and_South,354
2018-07-15 7:18:00,Damour,Beirut_and_South,354
2018-07-15 7:19:00,Damour,Beirut_and_South,354
2018-07-15 7:20:00,Damour,Beirut_and_South,354
2018-07-15 7:49:00,Damour,Beirut_and_South,354
2018-07-15 8:00:00,Damour,Beirut_and_South,354
2018-07-15 8:01:00,Damour,Beirut_and_South,354
2018-07-15 20:00:00,Khalde,Beirut_and_South,650
2018-07-16 21:38:00,Khalde,Beirut_and_South,650
2018-07-17 13:17:00,Saadiyat,Beirut_and_South,122
2018-07-17 13:18:00,Saadiyat,Beirut_and_South,122
2018-07-17 13:19:00,Saadiyat,Beirut_and_South,122
2018-07-17 13:20:00,Saadiyat,Beirut_and_South,122
2018-07-17 13:21:00,Saadiyat,Beirut_and_South,122
2018-07-17 14:35:00,Jiye,Beirut_and_South,328
2018-07-17 14:36:00,Jiye,Beirut_and_South,328
2018-07-17 14:37:00,Jiye,Beirut_and_South,328
2018-07-17 23:17:00,Khalde,Beirut_and_South,650
2018-07-18 10:45:00,Damour,Beirut_and_South,354
2018-07-18 12:06:00,Damour,Beirut_and_South,354
2018-07-19 21:53:00,Damour,Beirut_and_South,354
2018-07-20 21:27:00,Naame,Beirut_and_South,182
2018-07-22 13:45:00,Damour,Beirut_and_South,354
2018-07-22 13:46:00,Damour,Beirut_and_South,354
2018-07-22 13:51:00,Damour,Beirut_and_South,354
2018-07-22 13:52:00,Damour,Beirut_and_South,354
2018-07-26 8:57:00,Khalde,Beirut_and_South,650
2018-07-26 23:01:00,Saadiyat,Beirut_and_South,122
2018-07-28 2:39:00,Jiye,Beirut_and_South,328
2018-07-28 22:21:00,Khalde,Beirut_and_South,650
2018-07-29 0:33:00,Saadiyat,Beirut_and_South,122
2018-07-29 3:27:00,Rmaileh,Beirut_and_South,118
2018-07-29 3:29:00,Rmaileh,Beirut_and_South,118
2018-07-29 3:31:00,Rmaileh,Beirut_and_South,118
2018-07-29 13:23:00,Naame,Beirut_and_South,182
2018-07-30 8:16:00,Khalde,Beirut_and_South,650
2018-07-30 8:17:00,Khalde,Beirut_and_South,650
2018-07-31 8:02:00,Naame,Beirut_and_South,182
2018-07-31 11:33:00,Khalde,Beirut_and_South,650
2018-07-31 23:25:00,Jiye,Beirut_and_South,328